student_id,Frame,Emotions,Main Emotion,Face Position
student_0,10,"{'angry': 0.000326520785165485, 'disgust': 9.502016661089925e-14, 'fear': 0.001956618871190585, 'happy': 0.0013072059118712787, 'sad': 0.018898492271546274, 'surprise': 0.00024057655991782667, 'neutral': 99.97727274894714}",neutral,"{'x': 1334, 'y': 275, 'w': 147, 'h': 172, 'left_eye': (1384, 352), 'right_eye': (1454, 340)}"
student_1,10,"{'angry': 0.14463126124478945, 'disgust': 7.051846638398567e-07, 'fear': 1.409150744029924, 'happy': 0.0016232787915061626, 'sad': 22.69544289680975, 'surprise': 1.3081442132084149e-05, 'neutral': 75.74913953239557}",neutral,"{'x': 548, 'y': 418, 'w': 154, 'h': 193, 'left_eye': (566, 501), 'right_eye': (629, 514)}"
student_2,10,"{'angry': 0.030625370722308243, 'disgust': 7.109845560531018e-07, 'fear': 0.622754664823969, 'happy': 6.495195272089617e-05, 'sad': 96.61657769877645, 'surprise': 1.5920932249776735e-06, 'neutral': 2.7299753850669126}",sad,"{'x': 421, 'y': 157, 'w': 105, 'h': 134, 'left_eye': (462, 222), 'right_eye': (505, 214)}"
student_3,10,"{'angry': 5.66587895154953, 'disgust': 2.7379485345591092e-05, 'fear': 13.976432383060455, 'happy': 0.1862919540144503, 'sad': 79.00554537773132, 'surprise': 0.0007465587259503081, 'neutral': 1.165081188082695}",sad,"{'x': 1715, 'y': 350, 'w': 157, 'h': 195, 'left_eye': (1728, 422), 'right_eye': (1776, 428)}"
student_4,10,"{'angry': 0.5914988461881876, 'disgust': 4.630440741948405e-06, 'fear': 0.12282509123906493, 'happy': 0.08704184438101947, 'sad': 7.913427799940109, 'surprise': 0.0005918635906709824, 'neutral': 91.28460884094238}",neutral,"{'x': 1023, 'y': 80, 'w': 94, 'h': 135, 'left_eye': (1034, 137), 'right_eye': (1072, 139)}"
student_5,10,"{'angry': 0.00040552694995019155, 'disgust': 3.1161369766856017e-08, 'fear': 3.767777902748835, 'happy': 0.01134771165437336, 'sad': 5.342691499866068, 'surprise': 1.1554028888522522e-05, 'neutral': 90.87776054409021}",neutral,"{'x': 86, 'y': 408, 'w': 149, 'h': 194, 'left_eye': (185, 491), 'right_eye': (216, 479)}"
student_0,20,"{'angry': 0.002813828905345872, 'disgust': 3.270304212098208e-15, 'fear': 0.0008389721187995747, 'happy': 2.0625220997771976e-05, 'sad': 0.05763762746937573, 'surprise': 3.4944353188848254e-06, 'neutral': 99.93869066238403}",neutral,"{'x': 1336, 'y': 275, 'w': 147, 'h': 173, 'left_eye': (1388, 353), 'right_eye': (1459, 344)}"
student_3,20,"{'angry': 0.06488703656941652, 'disgust': 1.1334233107618275e-06, 'fear': 6.402337551116943, 'happy': 0.0026337094823247753, 'sad': 90.73538780212402, 'surprise': 2.5037539330696745e-05, 'neutral': 2.7947312220931053}",sad,"{'x': 1715, 'y': 350, 'w': 155, 'h': 196, 'left_eye': (1729, 422), 'right_eye': (1775, 430)}"
student_2,20,"{'angry': 0.5200556323710461, 'disgust': 6.412788904657222e-07, 'fear': 2.1283719094617313, 'happy': 2.3605130636029428e-05, 'sad': 88.69041137042113, 'surprise': 6.309784005014084e-06, 'neutral': 8.66113207704616}",sad,"{'x': 425, 'y': 166, 'w': 105, 'h': 135, 'left_eye': (462, 228), 'right_eye': (507, 225)}"
student_1,20,"{'angry': 0.007340479351114482, 'disgust': 1.866627269420107e-08, 'fear': 0.42102145962417126, 'happy': 1.4678872162221523e-05, 'sad': 95.5270528793335, 'surprise': 3.144692839462948e-09, 'neutral': 4.044568911194801}",sad,"{'x': 522, 'y': 418, 'w': 138, 'h': 204, 'left_eye': (540, 506), 'right_eye': (567, 514)}"
student_5,20,"{'angry': 0.1378656830638647, 'disgust': 8.064656581430185e-09, 'fear': 0.0057082590501522645, 'happy': 0.006397258403012529, 'sad': 0.8444132283329964, 'surprise': 4.6617310012209145e-07, 'neutral': 99.00561571121216}",neutral,"{'x': 112, 'y': 419, 'w': 143, 'h': 186, 'left_eye': (210, 498), 'right_eye': (239, 491)}"
student_4,20,"{'angry': 10.99623498275697, 'disgust': 0.0002941895796175382, 'fear': 0.2858275655526001, 'happy': 0.37538269353004616, 'sad': 10.177854171735545, 'surprise': 0.006463061478940648, 'neutral': 78.1579468438562}",neutral,"{'x': 1035, 'y': 82, 'w': 98, 'h': 134, 'left_eye': (1056, 140), 'right_eye': (1099, 140)}"
student_0,30,"{'angry': 0.0065880664185492795, 'disgust': 1.39625985769013e-08, 'fear': 0.027842408075848705, 'happy': 99.21677107910938, 'sad': 0.022651371441025074, 'surprise': 0.40400929363127314, 'neutral': 0.32214223930342434}",happy,"{'x': 1341, 'y': 261, 'w': 146, 'h': 175, 'left_eye': (1394, 334), 'right_eye': (1462, 326)}"
student_3,30,"{'angry': 0.04663234867621213, 'disgust': 7.397810577458586e-05, 'fear': 8.855142444372177, 'happy': 0.0003274805294495309, 'sad': 89.15086388587952, 'surprise': 3.2095268664988907e-06, 'neutral': 1.9469570368528366}",sad,"{'x': 1716, 'y': 351, 'w': 153, 'h': 193, 'left_eye': (1730, 424), 'right_eye': (1775, 431)}"
student_2,30,"{'angry': 0.6574168335646391, 'disgust': 4.4317776115576635e-06, 'fear': 5.214768275618553, 'happy': 3.6390460422808246e-05, 'sad': 89.74197506904602, 'surprise': 4.789709961983135e-06, 'neutral': 4.385793209075928}",sad,"{'x': 437, 'y': 168, 'w': 106, 'h': 135, 'left_eye': (474, 232), 'right_eye': (519, 229)}"
student_1,30,"{'angry': 0.03145595171827653, 'disgust': 1.0695582032894251e-07, 'fear': 6.9022498247325625, 'happy': 2.6819287413438686e-05, 'sad': 91.02472173872927, 'surprise': 1.6727511602418052e-06, 'neutral': 2.0415430317469796}",sad,"{'x': 518, 'y': 431, 'w': 131, 'h': 206, 'left_eye': (538, 519), 'right_eye': (558, 528)}"
student_4,30,"{'angry': 1.6550114378333092, 'disgust': 5.063555974516021e-06, 'fear': 0.051425700075924397, 'happy': 0.012674559548031539, 'sad': 5.037451535463333, 'surprise': 0.000559206955585978, 'neutral': 93.24287176132202}",neutral,"{'x': 1041, 'y': 87, 'w': 99, 'h': 134, 'left_eye': (1059, 145), 'right_eye': (1105, 146)}"
student_5,30,"{'angry': 0.0580672116484493, 'disgust': 4.545144065559725e-05, 'fear': 12.405166029930115, 'happy': 55.566900968551636, 'sad': 5.875635519623756, 'surprise': 0.0007275595180544769, 'neutral': 26.093459129333496}",happy,"{'x': 125, 'y': 413, 'w': 147, 'h': 197, 'left_eye': (223, 500), 'right_eye': (255, 489)}"
student_0,40,"{'angry': 0.0014112758572275659, 'disgust': 5.266369177723179e-10, 'fear': 6.594194483737502e-05, 'happy': 99.95260239212485, 'sad': 0.0012489576295562307, 'surprise': 0.04129267853175956, 'neutral': 0.003372053795845354}",happy,"{'x': 1346, 'y': 246, 'w': 145, 'h': 174, 'left_eye': (1397, 318), 'right_eye': (1465, 310)}"
student_3,40,"{'angry': 0.005901217070224595, 'disgust': 1.1380512322508144e-06, 'fear': 9.756772056625609, 'happy': 1.108770511077077, 'sad': 85.72982464610484, 'surprise': 0.02602611939950999, 'neutral': 3.3727044387283587}",sad,"{'x': 1696, 'y': 336, 'w': 114, 'h': 188, 'left_eye': (1718, 409), 'right_eye': (1724, 410)}"
student_5,40,"{'angry': 0.1870762100948441, 'disgust': 7.412588325460977e-07, 'fear': 0.26238138453586285, 'happy': 81.60243253678888, 'sad': 0.21937894348008113, 'surprise': 0.0003428844184395107, 'neutral': 17.728378745510728}",happy,"{'x': 123, 'y': 403, 'w': 151, 'h': 192, 'left_eye': (220, 485), 'right_eye': (258, 475)}"
student_2,40,"{'angry': 0.32163062132894993, 'disgust': 6.347045666821316e-08, 'fear': 2.031428925693035, 'happy': 1.5651316687126382e-06, 'sad': 87.50255107879639, 'surprise': 5.749511977626298e-07, 'neutral': 10.144390910863876}",sad,"{'x': 448, 'y': 167, 'w': 106, 'h': 133, 'left_eye': (487, 230), 'right_eye': (532, 226)}"
student_1,40,"{'angry': 0.005645118289976381, 'disgust': 2.374639374025378e-08, 'fear': 28.876984119415283, 'happy': 9.146355495204261e-06, 'sad': 70.90518474578857, 'surprise': 2.024435064029717e-07, 'neutral': 0.21217975299805403}",sad,"{'x': 525, 'y': 433, 'w': 135, 'h': 207, 'left_eye': (544, 523), 'right_eye': (568, 531)}"
student_4,40,"{'angry': 39.242544770240784, 'disgust': 0.0018655757230590098, 'fear': 0.695851119235158, 'happy': 0.04463789809960872, 'sad': 25.294223427772522, 'surprise': 0.004382077895570546, 'neutral': 34.71649885177612}",angry,"{'x': 1047, 'y': 87, 'w': 98, 'h': 133, 'left_eye': (1067, 144), 'right_eye': (1111, 145)}"
student_5,50,"{'angry': 0.0077547854743897915, 'disgust': 1.0641654313303661e-05, 'fear': 4.091216251254082, 'happy': 25.243180990219116, 'sad': 0.8385211229324341, 'surprise': 0.01182744381367229, 'neutral': 69.80749368667603}",neutral,"{'x': 114, 'y': 392, 'w': 154, 'h': 190, 'left_eye': (202, 472), 'right_eye': (255, 462)}"
student_0,50,"{'angry': 0.17818851629272103, 'disgust': 2.6970539579451724e-06, 'fear': 0.6524696946144104, 'happy': 47.0808207988739, 'sad': 0.011553031072253361, 'surprise': 52.00679898262024, 'neutral': 0.07016874151304364}",surprise,"{'x': 1354, 'y': 233, 'w': 142, 'h': 179, 'left_eye': (1404, 305), 'right_eye': (1470, 303)}"
student_2,50,"{'angry': 0.10848507517948747, 'disgust': 6.186003931318851e-08, 'fear': 1.8931744620203972, 'happy': 1.9690800101557215e-06, 'sad': 92.69752502441406, 'surprise': 8.416282781809059e-07, 'neutral': 5.300816148519516}",sad,"{'x': 455, 'y': 167, 'w': 105, 'h': 135, 'left_eye': (494, 230), 'right_eye': (538, 227)}"
student_1,50,"{'angry': 0.002238187335024122, 'disgust': 3.841361395640064e-08, 'fear': 4.939683526754379, 'happy': 0.16634733183309436, 'sad': 91.25471711158752, 'surprise': 1.001841667402914e-05, 'neutral': 3.6370016634464264}",sad,"{'x': 542, 'y': 435, 'w': 130, 'h': 209, 'left_eye': (560, 523), 'right_eye': (580, 529)}"
student_4,50,"{'angry': 58.780860900878906, 'disgust': 0.6337393075227737, 'fear': 6.857602298259735, 'happy': 0.5189138930290937, 'sad': 22.707098722457886, 'surprise': 0.12240144424140453, 'neutral': 10.379382222890854}",angry,"{'x': 1060, 'y': 87, 'w': 100, 'h': 133, 'left_eye': (1083, 142), 'right_eye': (1129, 145)}"
student_3,50,"{'angry': 81.55336599905897, 'disgust': 0.001864180154059958, 'fear': 0.06494021898848187, 'happy': 2.1491998107195127, 'sad': 3.1513418970892553, 'surprise': 2.9778288852776424, 'neutral': 10.101451265638916}",angry,"{'x': 1692, 'y': 338, 'w': 96, 'h': 176, 'left_eye': (1711, 398), 'right_eye': (1712, 399)}"
student_5,60,"{'angry': 0.0008901864778831423, 'disgust': 5.991834757947558e-07, 'fear': 0.1492397798200214, 'happy': 85.58469586554816, 'sad': 0.561711311434351, 'surprise': 1.0478258746473939, 'neutral': 12.655627708956276}",happy,"{'x': 134, 'y': 405, 'w': 149, 'h': 194, 'left_eye': (223, 484), 'right_eye': (268, 475)}"
student_0,60,"{'angry': 0.05593853171920966, 'disgust': 1.0318319036928852e-08, 'fear': 0.009533054094170651, 'happy': 1.7949185472678273, 'sad': 0.13921014863015108, 'surprise': 3.6038460495380193, 'neutral': 94.39655508974523}",neutral,"{'x': 1365, 'y': 248, 'w': 145, 'h': 171, 'left_eye': (1416, 313), 'right_eye': (1483, 313)}"
student_2,60,"{'angry': 0.06329181315251432, 'disgust': 1.930321124036624e-09, 'fear': 1.1472570273569789, 'happy': 3.4592173887230806e-07, 'sad': 88.55893748296053, 'surprise': 9.720539879981535e-08, 'neutral': 10.230510952411777}",sad,"{'x': 461, 'y': 171, 'w': 104, 'h': 133, 'left_eye': (501, 232), 'right_eye': (545, 229)}"
student_1,60,"{'angry': 0.0016018279938884, 'disgust': 6.048495398676273e-10, 'fear': 17.49547526213379, 'happy': 3.0013946540742835e-05, 'sad': 82.32175602446533, 'surprise': 2.9592317916910495e-06, 'neutral': 0.18114006295144933}",sad,"{'x': 550, 'y': 438, 'w': 131, 'h': 208, 'left_eye': (570, 527), 'right_eye': (589, 534)}"
student_4,60,"{'angry': 17.09412783384323, 'disgust': 0.0022141066438052803, 'fear': 1.243419386446476, 'happy': 0.11211792007088661, 'sad': 15.643765032291412, 'surprise': 0.06630978896282613, 'neutral': 65.83804488182068}",neutral,"{'x': 1064, 'y': 91, 'w': 99, 'h': 132, 'left_eye': (1087, 146), 'right_eye': (1132, 147)}"
student_5,70,"{'angry': 0.008892122953288135, 'disgust': 0.029328100501558214, 'fear': 10.244184597980057, 'happy': 0.01788073093105739, 'sad': 89.14394910001451, 'surprise': 4.386008262660141e-07, 'neutral': 0.5557664069990162}",sad,"{'x': 161, 'y': 447, 'w': 144, 'h': 188, 'left_eye': (241, 529), 'right_eye': (288, 517)}"
student_0,70,"{'angry': 0.04382831684779376, 'disgust': 1.680499212008968e-08, 'fear': 0.12095490237697959, 'happy': 11.147448420524597, 'sad': 0.7828341796994209, 'surprise': 2.419041655957699, 'neutral': 85.48589944839478}",neutral,"{'x': 1371, 'y': 252, 'w': 145, 'h': 177, 'left_eye': (1422, 323), 'right_eye': (1489, 321)}"
student_2,70,"{'angry': 2.252623252570629, 'disgust': 1.6632766275392896e-07, 'fear': 4.389108717441559, 'happy': 1.2144596439611632e-05, 'sad': 67.10758805274963, 'surprise': 5.92840763147251e-06, 'neutral': 26.250657439231873}",sad,"{'x': 471, 'y': 173, 'w': 102, 'h': 134, 'left_eye': (509, 234), 'right_eye': (553, 230)}"
student_1,70,"{'angry': 0.040236081555282285, 'disgust': 3.310218815242251e-07, 'fear': 9.04752206235861, 'happy': 0.0006360889225348298, 'sad': 86.04991602302599, 'surprise': 4.2115563789608425e-07, 'neutral': 4.861682446398444}",sad,"{'x': 557, 'y': 441, 'w': 135, 'h': 206, 'left_eye': (575, 530), 'right_eye': (598, 537)}"
student_4,70,"{'angry': 19.458588128258214, 'disgust': 0.01085406127216309, 'fear': 7.698307013713477, 'happy': 0.04187439709443336, 'sad': 29.9763375548914, 'surprise': 0.07665458502081512, 'neutral': 42.737374575451064}",neutral,"{'x': 1068, 'y': 93, 'w': 99, 'h': 132, 'left_eye': (1093, 149), 'right_eye': (1138, 149)}"
student_3,70,"{'angry': 8.575062453746796, 'disgust': 9.505711376454201e-12, 'fear': 23.666681349277496, 'happy': 1.9659017524986666e-06, 'sad': 66.70109033584595, 'surprise': 2.769395557322696e-06, 'neutral': 1.0571636259555817}",sad,"{'x': 1681, 'y': 350, 'w': 95, 'h': 172, 'left_eye': (1700, 409), 'right_eye': (1699, 412)}"
student_6,80,"{'angry': 0.029769589309580624, 'disgust': 1.1107216479899762e-06, 'fear': 1.2228839099407196, 'happy': 36.35483384132385, 'sad': 5.819400027394295, 'surprise': 0.01121832465287298, 'neutral': 56.561899185180664}",neutral,"{'x': 191, 'y': 476, 'w': 159, 'h': 179, 'left_eye': (267, 555), 'right_eye': (331, 549)}"
student_0,80,"{'angry': 0.002793538426956124, 'disgust': 4.873235284718803e-12, 'fear': 0.00016563569566196835, 'happy': 0.026437557364817402, 'sad': 0.020013919594596002, 'surprise': 0.006632612744101524, 'neutral': 99.94395970964192}",neutral,"{'x': 1377, 'y': 259, 'w': 143, 'h': 177, 'left_eye': (1426, 330), 'right_eye': (1494, 329)}"
student_2,80,"{'angry': 0.38064736872911453, 'disgust': 4.786043783511218e-08, 'fear': 10.289378464221954, 'happy': 4.017378074649969e-06, 'sad': 76.32037401199341, 'surprise': 7.2424960251282755e-06, 'neutral': 13.009591400623322}",sad,"{'x': 479, 'y': 173, 'w': 103, 'h': 132, 'left_eye': (518, 234), 'right_eye': (562, 231)}"
student_1,80,"{'angry': 0.0017870630472316407, 'disgust': 7.942289048656903e-08, 'fear': 0.25455523282289505, 'happy': 0.0049336937081534415, 'sad': 68.77273321151733, 'surprise': 1.6021900473006667e-08, 'neutral': 30.96598982810974}",sad,"{'x': 557, 'y': 449, 'w': 135, 'h': 203, 'left_eye': (575, 538), 'right_eye': (597, 544)}"
student_4,80,"{'angry': 22.76478409767151, 'disgust': 0.023942920961417258, 'fear': 30.807355046272278, 'happy': 0.025149318389594555, 'sad': 39.52031433582306, 'surprise': 3.8493525236845016, 'neutral': 3.0091041699051857}",sad,"{'x': 1081, 'y': 94, 'w': 99, 'h': 133, 'left_eye': (1108, 151), 'right_eye': (1154, 150)}"
student_5,90,"{'angry': 5.460045208329533, 'disgust': 1.4936315646780017e-05, 'fear': 1.0880910425673673, 'happy': 26.828682204642032, 'sad': 57.09225450846499, 'surprise': 0.00248441381187414, 'neutral': 9.528421964833502}",sad,"{'x': 220, 'y': 490, 'w': 156, 'h': 181, 'left_eye': (287, 571), 'right_eye': (355, 563)}"
student_2,90,"{'angry': 2.0011428743600845, 'disgust': 3.9175063193397364e-07, 'fear': 11.464253067970276, 'happy': 3.7063209390453267e-06, 'sad': 69.8736310005188, 'surprise': 7.029767346011795e-06, 'neutral': 16.660965979099274}",sad,"{'x': 482, 'y': 174, 'w': 104, 'h': 133, 'left_eye': (520, 235), 'right_eye': (564, 231)}"
student_0,90,"{'angry': 0.005701761256204918, 'disgust': 6.110922586097939e-12, 'fear': 0.0005281065114104422, 'happy': 1.1089135892689228, 'sad': 0.026420276844874024, 'surprise': 0.2729716245085001, 'neutral': 98.58546853065491}",neutral,"{'x': 1373, 'y': 270, 'w': 144, 'h': 174, 'left_eye': (1422, 341), 'right_eye': (1490, 338)}"
student_1,90,"{'angry': 5.9313651945558377e-05, 'disgust': 9.43183045228925e-14, 'fear': 0.014751465641893446, 'happy': 7.316885292096842e-09, 'sad': 99.86502528190613, 'surprise': 4.922166359137618e-15, 'neutral': 0.12016233522444963}",sad,"{'x': 560, 'y': 458, 'w': 141, 'h': 201, 'left_eye': (579, 548), 'right_eye': (609, 557)}"
student_4,90,"{'angry': 22.786056863430552, 'disgust': 0.0018698284498360202, 'fear': 22.483831494082896, 'happy': 0.0016128263320735517, 'sad': 51.03339857062093, 'surprise': 0.2603734532966288, 'neutral': 3.432860430053498}",sad,"{'x': 1087, 'y': 97, 'w': 100, 'h': 130, 'left_eye': (1116, 155), 'right_eye': (1161, 155)}"
student_6,90,"{'angry': 3.704770654439926, 'disgust': 1.9412536136816918e-13, 'fear': 1.271606795489788, 'happy': 1.2317200059897004e-05, 'sad': 61.920166015625, 'surprise': 9.667792788548013e-07, 'neutral': 33.103445172309875}",sad,"{'x': 1675, 'y': 353, 'w': 94, 'h': 174, 'left_eye': (1691, 411), 'right_eye': (1690, 414)}"
student_6,100,"{'angry': 0.6386624564178262, 'disgust': 3.154440168354441e-05, 'fear': 4.167887071841185, 'happy': 1.9973366780481743, 'sad': 85.16940982159434, 'surprise': 0.0035796138350575094, 'neutral': 8.023091883843653}",sad,"{'x': 232, 'y': 486, 'w': 161, 'h': 176, 'left_eye': (297, 565), 'right_eye': (370, 555)}"
student_0,100,"{'angry': 0.000900731683059668, 'disgust': 4.5102719890104385e-13, 'fear': 9.653138597630542e-05, 'happy': 0.10246595512872667, 'sad': 0.0030678094854483446, 'surprise': 0.23484177890221947, 'neutral': 99.65862629763045}",neutral,"{'x': 1371, 'y': 278, 'w': 143, 'h': 171, 'left_eye': (1418, 350), 'right_eye': (1487, 345)}"
student_2,100,"{'angry': 3.3769261091947556, 'disgust': 8.510332882849525e-07, 'fear': 9.213760495185852, 'happy': 2.9136552370800928e-05, 'sad': 62.23776936531067, 'surprise': 2.572370760844933e-05, 'neutral': 25.171488523483276}",sad,"{'x': 485, 'y': 171, 'w': 103, 'h': 134, 'left_eye': (522, 233), 'right_eye': (567, 229)}"
student_1,100,"{'angry': 0.000664032370845188, 'disgust': 5.1525246267207503e-14, 'fear': 0.6945471382680967, 'happy': 7.822196818161334e-10, 'sad': 85.00814616583035, 'surprise': 9.741855546939086e-12, 'neutral': 14.296641731662543}",sad,"{'x': 579, 'y': 470, 'w': 152, 'h': 194, 'left_eye': (595, 555), 'right_eye': (638, 566)}"
student_4,100,"{'angry': 8.280620481893958, 'disgust': 0.00033239362567883535, 'fear': 10.709233050437803, 'happy': 0.02892352586871822, 'sad': 47.026610728906306, 'surprise': 2.4246687904395117, 'neutral': 31.529610570715597}",sad,"{'x': 1090, 'y': 93, 'w': 101, 'h': 136, 'left_eye': (1118, 155), 'right_eye': (1165, 153)}"
student_5,110,"{'angry': 0.23800657618085003, 'disgust': 2.406250986447107e-06, 'fear': 0.09339000072978441, 'happy': 34.708823842336166, 'sad': 64.88170414457942, 'surprise': 1.3283251913009006e-05, 'neutral': 0.07806190289180892}",sad,"{'x': 241, 'y': 485, 'w': 153, 'h': 179, 'left_eye': (304, 563), 'right_eye': (371, 557)}"
student_0,110,"{'angry': 0.09774247301325041, 'disgust': 2.7135460427900535e-09, 'fear': 0.013177037966279713, 'happy': 0.0024037184244026237, 'sad': 0.3900589653884748, 'surprise': 0.0044499548417954796, 'neutral': 99.49216839624455}",neutral,"{'x': 1375, 'y': 285, 'w': 141, 'h': 171, 'left_eye': (1421, 355), 'right_eye': (1488, 350)}"
student_2,110,"{'angry': 0.0032653100788593292, 'disgust': 1.640150376625016e-08, 'fear': 0.07678124238736928, 'happy': 1.2769545421065231e-06, 'sad': 99.76053237915039, 'surprise': 2.5798004357757698e-09, 'neutral': 0.15942256432026625}",sad,"{'x': 487, 'y': 169, 'w': 104, 'h': 134, 'left_eye': (527, 232), 'right_eye': (570, 228)}"
student_1,110,"{'angry': 0.030138908186927438, 'disgust': 1.3328606447704505e-09, 'fear': 54.12500500679016, 'happy': 9.19712476843415e-05, 'sad': 29.910022020339966, 'surprise': 3.5910616702494735e-07, 'neutral': 15.934748947620392}",fear,"{'x': 594, 'y': 470, 'w': 157, 'h': 195, 'left_eye': (611, 557), 'right_eye': (669, 573)}"
student_6,110,"{'angry': 1.1652286774996171e-08, 'disgust': 1.941914757580463e-16, 'fear': 0.0011221548207154576, 'happy': 0.0001358673297583676, 'sad': 99.99874234192028, 'surprise': 1.2815612564550049e-15, 'neutral': 5.490902282623912e-07}",sad,"{'x': 1683, 'y': 347, 'w': 97, 'h': 176, 'left_eye': (1706, 410), 'right_eye': (1703, 411)}"
student_4,110,"{'angry': 0.8086545392870903, 'disgust': 5.459471452695652e-06, 'fear': 1.6876045614480972, 'happy': 0.012002845323877409, 'sad': 8.012435585260391, 'surprise': 0.053278967970982194, 'neutral': 89.42602276802063}",neutral,"{'x': 1090, 'y': 102, 'w': 100, 'h': 133, 'left_eye': (1120, 162), 'right_eye': (1166, 161)}"
student_5,120,"{'angry': 0.11984187876805663, 'disgust': 1.7256947870691874e-06, 'fear': 0.2865166636183858, 'happy': 67.15017557144165, 'sad': 25.531011819839478, 'surprise': 0.0189199490705505, 'neutral': 6.893531233072281}",happy,"{'x': 239, 'y': 460, 'w': 153, 'h': 183, 'left_eye': (302, 539), 'right_eye': (370, 533)}"
student_0,120,"{'angry': 0.044056994943604474, 'disgust': 6.861226480199729e-10, 'fear': 0.012880793575903795, 'happy': 0.006133182611039491, 'sad': 0.8729885222925517, 'surprise': 0.003966441618204557, 'neutral': 99.05996929884323}",neutral,"{'x': 1375, 'y': 286, 'w': 143, 'h': 176, 'left_eye': (1422, 362), 'right_eye': (1490, 357)}"
student_3,120,"{'angry': 0.18502226969359933, 'disgust': 2.366735428819423e-05, 'fear': 1.652939529892178, 'happy': 15.456942645129123, 'sad': 60.19989610909796, 'surprise': 0.001025808039437248, 'neutral': 22.50415220881416}",sad,"{'x': 1687, 'y': 356, 'w': 138, 'h': 192, 'left_eye': (1705, 436), 'right_eye': (1729, 437)}"
student_1,120,"{'angry': 0.002605267582111992, 'disgust': 1.079910222660449e-11, 'fear': 80.02550601959229, 'happy': 3.407924111797911e-05, 'sad': 9.48568806052208, 'surprise': 4.645890783194773e-06, 'neutral': 10.486158728599548}",fear,"{'x': 595, 'y': 480, 'w': 158, 'h': 194, 'left_eye': (613, 567), 'right_eye': (676, 580)}"
student_2,120,"{'angry': 0.020038919786448468, 'disgust': 2.3569330115789962e-07, 'fear': 0.2665288672389905, 'happy': 7.53156586469113e-06, 'sad': 99.20922513063104, 'surprise': 4.5239861777620164e-08, 'neutral': 0.5042030310900826}",sad,"{'x': 488, 'y': 170, 'w': 104, 'h': 134, 'left_eye': (528, 234), 'right_eye': (571, 230)}"
student_4,120,"{'angry': 1.0866297125297613, 'disgust': 7.094416073359437e-05, 'fear': 3.0914796496319563, 'happy': 0.030040483733258173, 'sad': 6.3738863989047045, 'surprise': 0.4241950131472953, 'neutral': 88.99369770250902}",neutral,"{'x': 1090, 'y': 103, 'w': 100, 'h': 135, 'left_eye': (1119, 164), 'right_eye': (1166, 162)}"
student_5,130,"{'angry': 0.20925505086779594, 'disgust': 7.0964482290492015e-06, 'fear': 0.18535839626565576, 'happy': 89.48840498924255, 'sad': 0.08701952174305916, 'surprise': 0.03812638751696795, 'neutral': 9.991836547851562}",happy,"{'x': 239, 'y': 453, 'w': 156, 'h': 187, 'left_eye': (302, 529), 'right_eye': (370, 528)}"
student_0,130,"{'angry': 0.002066978777293116, 'disgust': 1.021436353467603e-11, 'fear': 0.0003306286089355126, 'happy': 0.021111592650413513, 'sad': 0.08202357566915452, 'surprise': 0.001878487273643259, 'neutral': 99.89258646965027}",neutral,"{'x': 1375, 'y': 294, 'w': 143, 'h': 171, 'left_eye': (1422, 365), 'right_eye': (1489, 362)}"
student_3,130,"{'angry': 0.5806570180467345, 'disgust': 1.669033601091476e-08, 'fear': 52.892702473079865, 'happy': 41.58567588500072, 'sad': 4.775070202342247, 'surprise': 0.16034595153827053, 'neutral': 0.005539851621397764}",fear,"{'x': 1693, 'y': 385, 'w': 158, 'h': 188, 'left_eye': (1710, 458), 'right_eye': (1759, 457)}"
student_2,130,"{'angry': 0.010126224391235375, 'disgust': 1.2073375241988146e-07, 'fear': 0.2879836069708232, 'happy': 6.2871823497851275e-06, 'sad': 99.27374120198138, 'surprise': 2.234103868506463e-08, 'neutral': 0.42814125996179936}",sad,"{'x': 487, 'y': 171, 'w': 104, 'h': 134, 'left_eye': (527, 234), 'right_eye': (571, 231)}"
student_1,130,"{'angry': 0.030872871866449714, 'disgust': 1.2418253092505438e-06, 'fear': 94.52682137489319, 'happy': 0.030283821979537606, 'sad': 4.624826088547707, 'surprise': 2.8332884483006637e-06, 'neutral': 0.7871977984905243}",fear,"{'x': 593, 'y': 483, 'w': 160, 'h': 195, 'left_eye': (612, 567), 'right_eye': (674, 579)}"
student_4,130,"{'angry': 0.0633993768133223, 'disgust': 6.667412399963268e-07, 'fear': 23.23080450296402, 'happy': 0.00804726078058593, 'sad': 6.167734786868095, 'surprise': 1.9259963184595108, 'neutral': 68.60401630401611}",neutral,"{'x': 1089, 'y': 105, 'w': 100, 'h': 136, 'left_eye': (1118, 165), 'right_eye': (1164, 164)}"
student_5,140,"{'angry': 0.781029369668923, 'disgust': 0.00016715641636870978, 'fear': 13.13056726041837, 'happy': 81.41102083987121, 'sad': 0.2861853626704432, 'surprise': 0.534113248980835, 'neutral': 3.8569225434614745}",happy,"{'x': 236, 'y': 457, 'w': 158, 'h': 188, 'left_eye': (298, 532), 'right_eye': (368, 532)}"
student_0,140,"{'angry': 0.03587086976040155, 'disgust': 6.844157619118052e-10, 'fear': 0.003898648719768971, 'happy': 0.00039475908124586567, 'sad': 0.6174061447381973, 'surprise': 0.00013880705864721676, 'neutral': 99.34229254722595}",neutral,"{'x': 1377, 'y': 293, 'w': 145, 'h': 174, 'left_eye': (1425, 368), 'right_eye': (1493, 364)}"
student_2,140,"{'angry': 0.0279134139418602, 'disgust': 2.1867372357320392e-07, 'fear': 0.6944389548152685, 'happy': 1.467998202997478e-05, 'sad': 98.16498160362244, 'surprise': 1.216710177054381e-07, 'neutral': 1.1126520112156868}",sad,"{'x': 487, 'y': 171, 'w': 104, 'h': 135, 'left_eye': (527, 234), 'right_eye': (571, 231)}"
student_3,140,"{'angry': 27.57781744003296, 'disgust': 3.6083772081418886e-08, 'fear': 7.258114963769913, 'happy': 57.61678218841553, 'sad': 5.749838054180145, 'surprise': 1.2722035869956017, 'neutral': 0.5252422299236059}",happy,"{'x': 1701, 'y': 387, 'w': 161, 'h': 191, 'left_eye': (1718, 462), 'right_eye': (1775, 461)}"
student_4,140,"{'angry': 18.061962310192722, 'disgust': 0.0016954544763514647, 'fear': 25.20932407434726, 'happy': 0.19720328284521596, 'sad': 45.306521374375905, 'surprise': 1.851891091578668, 'neutral': 9.371408633673706}",sad,"{'x': 1083, 'y': 108, 'w': 99, 'h': 132, 'left_eye': (1107, 165), 'right_eye': (1152, 164)}"
student_1,140,"{'angry': 0.04436059018339339, 'disgust': 2.091680952763573e-08, 'fear': 74.71354151610282, 'happy': 0.0017331925307730828, 'sad': 12.943319310543414, 'surprise': 8.471057593561288e-08, 'neutral': 12.297049873539782}",fear,"{'x': 593, 'y': 474, 'w': 158, 'h': 201, 'left_eye': (611, 559), 'right_eye': (673, 568)}"
student_5,150,"{'angry': 0.07581077837737243, 'disgust': 5.009134593616217e-07, 'fear': 1.8228700694882953, 'happy': 75.56741542427724, 'sad': 0.0020231171812829553, 'surprise': 19.967649277168427, 'neutral': 2.5642351510209025}",happy,"{'x': 213, 'y': 433, 'w': 159, 'h': 202, 'left_eye': (258, 498), 'right_eye': (332, 512)}"
student_0,150,"{'angry': 0.01937912602443248, 'disgust': 2.034368767195316e-10, 'fear': 0.015961249300744385, 'happy': 0.003358901449246332, 'sad': 0.656177569180727, 'surprise': 0.000406085564463865, 'neutral': 99.30471777915955}",neutral,"{'x': 1379, 'y': 296, 'w': 147, 'h': 171, 'left_eye': (1427, 369), 'right_eye': (1497, 365)}"
student_3,150,"{'angry': 14.457082748413086, 'disgust': 6.25023366396249e-08, 'fear': 50.68939924240112, 'happy': 30.500468611717224, 'sad': 1.098688691854477, 'surprise': 3.1134869903326035, 'neutral': 0.1408770214766264}",fear,"{'x': 1709, 'y': 385, 'w': 159, 'h': 191, 'left_eye': (1727, 460), 'right_eye': (1782, 458)}"
student_4,150,"{'angry': 4.391239100172466, 'disgust': 0.009854807872984282, 'fear': 10.948053654912332, 'happy': 0.023514674049745443, 'sad': 78.79187338303765, 'surprise': 0.007852675948591214, 'neutral': 5.82761762008772}",sad,"{'x': 1081, 'y': 111, 'w': 100, 'h': 130, 'left_eye': (1104, 169), 'right_eye': (1149, 169)}"
student_2,150,"{'angry': 2.495008334517479, 'disgust': 5.297287053451782e-07, 'fear': 9.903593361377716, 'happy': 9.403650551575993e-05, 'sad': 57.916927337646484, 'surprise': 6.356441417665337e-05, 'neutral': 29.684314131736755}",sad,"{'x': 489, 'y': 169, 'w': 104, 'h': 135, 'left_eye': (528, 233), 'right_eye': (572, 229)}"
student_1,150,"{'angry': 0.19591664895415306, 'disgust': 4.873856873643945e-07, 'fear': 61.11508011817932, 'happy': 0.0011466526302683633, 'sad': 19.511252641677856, 'surprise': 1.6483074460893476e-06, 'neutral': 19.176605343818665}",fear,"{'x': 581, 'y': 470, 'w': 158, 'h': 202, 'left_eye': (600, 555), 'right_eye': (663, 564)}"
student_5,160,"{'angry': 0.004897177132079378, 'disgust': 9.963516678368478e-08, 'fear': 0.01619071263121441, 'happy': 75.81874132156372, 'sad': 0.0025693740099086426, 'surprise': 2.218121476471424, 'neutral': 21.939486265182495}",happy,"{'x': 208, 'y': 428, 'w': 160, 'h': 201, 'left_eye': (250, 490), 'right_eye': (322, 503)}"
student_0,160,"{'angry': 0.0003479780389170628, 'disgust': 1.0895720437337415e-13, 'fear': 1.8470728946340387e-05, 'happy': 0.19943746738135815, 'sad': 0.0048215930291917175, 'surprise': 0.011421033559599891, 'neutral': 99.78395700454712}",neutral,"{'x': 1383, 'y': 297, 'w': 146, 'h': 174, 'left_eye': (1431, 369), 'right_eye': (1500, 366)}"
student_3,160,"{'angry': 11.892420798540115, 'disgust': 4.989609836414388e-08, 'fear': 6.639725714921951, 'happy': 67.83046126365662, 'sad': 12.977883219718933, 'surprise': 0.31898957677185535, 'neutral': 0.34052205737680197}",happy,"{'x': 1712, 'y': 385, 'w': 159, 'h': 190, 'left_eye': (1728, 460), 'right_eye': (1782, 460)}"
student_2,160,"{'angry': 1.5404556864771657, 'disgust': 5.270548756275897e-07, 'fear': 10.367439560141538, 'happy': 0.00031967394620565005, 'sad': 48.564219389213285, 'surprise': 0.00014081900574521055, 'neutral': 39.527424545730625}",sad,"{'x': 491, 'y': 167, 'w': 104, 'h': 135, 'left_eye': (530, 231), 'right_eye': (574, 227)}"
student_1,160,"{'angry': 0.9136958979070187, 'disgust': 2.410140176323239e-06, 'fear': 64.90642428398132, 'happy': 0.06651150179095566, 'sad': 25.252565741539, 'surprise': 6.422156695329306e-08, 'neutral': 8.860800415277481}",fear,"{'x': 573, 'y': 469, 'w': 158, 'h': 206, 'left_eye': (591, 557), 'right_eye': (651, 567)}"
student_4,160,"{'angry': 0.916631892323494, 'disgust': 0.0134368528961204, 'fear': 1.5321562066674232, 'happy': 0.0041307404899271205, 'sad': 96.95358276367188, 'surprise': 0.00067957084866066, 'neutral': 0.5793808959424496}",sad,"{'x': 1085, 'y': 119, 'w': 99, 'h': 130, 'left_eye': (1108, 180), 'right_eye': (1153, 180)}"
student_5,170,"{'angry': 4.826244691787983e-08, 'disgust': 7.367466544573529e-17, 'fear': 2.1726180484033444e-08, 'happy': 96.8067346100053, 'sad': 9.266490905147576e-08, 'surprise': 0.035000454857972554, 'neutral': 3.158266285554545}",happy,"{'x': 207, 'y': 426, 'w': 158, 'h': 200, 'left_eye': (246, 490), 'right_eye': (320, 504)}"
student_0,170,"{'angry': 0.00032915866086113965, 'disgust': 1.2390497478807208e-13, 'fear': 0.00013062184507361962, 'happy': 0.06798749673180282, 'sad': 0.009672043233877048, 'surprise': 0.0037844238249817863, 'neutral': 99.91809725761414}",neutral,"{'x': 1386, 'y': 295, 'w': 145, 'h': 178, 'left_eye': (1434, 370), 'right_eye': (1503, 366)}"
student_3,170,"{'angry': 1.882950142499813, 'disgust': 6.847550018812589e-09, 'fear': 6.596602892673188, 'happy': 88.3458249775067, 'sad': 2.666785726951702, 'surprise': 0.45304850581577455, 'neutral': 0.05478873826235463}",happy,"{'x': 1713, 'y': 386, 'w': 161, 'h': 190, 'left_eye': (1730, 459), 'right_eye': (1787, 460)}"
student_2,170,"{'angry': 0.7989046163856983, 'disgust': 1.1502578889377446e-07, 'fear': 13.723640143871307, 'happy': 5.159766374163155e-05, 'sad': 51.1365532875061, 'surprise': 3.2921309411904076e-05, 'neutral': 34.340813755989075}",sad,"{'x': 489, 'y': 167, 'w': 105, 'h': 135, 'left_eye': (529, 231), 'right_eye': (573, 227)}"
student_4,170,"{'angry': 0.07414687424898148, 'disgust': 0.00010713234814829775, 'fear': 0.5564196035265923, 'happy': 0.0002995365775859682, 'sad': 98.79167675971985, 'surprise': 9.855362037569648e-06, 'neutral': 0.5773391574621201}",sad,"{'x': 1088, 'y': 125, 'w': 101, 'h': 129, 'left_eye': (1116, 186), 'right_eye': (1162, 188)}"
student_1,170,"{'angry': 1.019708779883908, 'disgust': 3.004815775442336e-06, 'fear': 63.685993175863814, 'happy': 0.04778428695462119, 'sad': 28.228528990061818, 'surprise': 3.564589669405261e-08, 'neutral': 7.017980189203035}",fear,"{'x': 570, 'y': 469, 'w': 157, 'h': 205, 'left_eye': (588, 556), 'right_eye': (646, 565)}"
student_5,180,"{'angry': 1.694231666624546, 'disgust': 0.01277890260098502, 'fear': 15.195497870445251, 'happy': 82.97497034072876, 'sad': 0.07725739269517362, 'surprise': 0.0011496593288029544, 'neutral': 0.0441189476987347}",happy,"{'x': 216, 'y': 455, 'w': 160, 'h': 195, 'left_eye': (267, 526), 'right_eye': (342, 534)}"
student_0,180,"{'angry': 0.00130024548486674, 'disgust': 1.4141263343584477e-12, 'fear': 0.00042834917062956946, 'happy': 0.02545229205126559, 'sad': 0.018529849304518932, 'surprise': 0.002194922956102399, 'neutral': 99.95208979224088}",neutral,"{'x': 1385, 'y': 296, 'w': 146, 'h': 174, 'left_eye': (1434, 371), 'right_eye': (1503, 367)}"
student_3,180,"{'angry': 75.30814858127526, 'disgust': 1.7664606831015293e-06, 'fear': 14.069531206460667, 'happy': 7.678541253718213, 'sad': 1.4019715504033297, 'surprise': 1.4065962191877497, 'neutral': 0.13520858125141746}",angry,"{'x': 1717, 'y': 374, 'w': 163, 'h': 195, 'left_eye': (1735, 449), 'right_eye': (1797, 450)}"
student_2,180,"{'angry': 2.062767680750351, 'disgust': 4.335948392313834e-06, 'fear': 14.038962962565599, 'happy': 0.0006167816904248001, 'sad': 47.645589568948125, 'surprise': 0.00026170381911562934, 'neutral': 36.25179745267614}",sad,"{'x': 489, 'y': 165, 'w': 104, 'h': 136, 'left_eye': (528, 229), 'right_eye': (572, 226)}"
student_4,180,"{'angry': 0.12479918077588081, 'disgust': 8.715322792340885e-05, 'fear': 0.5843727849423885, 'happy': 0.0004180527866992634, 'sad': 98.57794046401978, 'surprise': 1.271207423769738e-05, 'neutral': 0.7123702205717564}",sad,"{'x': 1086, 'y': 122, 'w': 102, 'h': 128, 'left_eye': (1115, 182), 'right_eye': (1162, 185)}"
student_1,180,"{'angry': 1.9071316346526146, 'disgust': 0.00021004902919230517, 'fear': 11.377190053462982, 'happy': 0.2394169569015503, 'sad': 23.419304192066193, 'surprise': 0.0018138216546503827, 'neutral': 63.05493116378784}",neutral,"{'x': 567, 'y': 469, 'w': 157, 'h': 204, 'left_eye': (584, 555), 'right_eye': (642, 565)}"
student_5,190,"{'angry': 0.24480690776150868, 'disgust': 5.567704407420775e-08, 'fear': 0.006827939475875466, 'happy': 97.19955904481166, 'sad': 0.03069592822765876, 'surprise': 0.043110100910110825, 'neutral': 2.475001251697615}",happy,"{'x': 227, 'y': 474, 'w': 160, 'h': 186, 'left_eye': (292, 547), 'right_eye': (363, 546)}"
student_0,190,"{'angry': 0.0015498408146043083, 'disgust': 1.1112069750370825e-12, 'fear': 0.0010614065657858361, 'happy': 0.029277672877030328, 'sad': 0.016319490769975988, 'surprise': 0.002082152174887733, 'neutral': 99.94970560673408}",neutral,"{'x': 1383, 'y': 296, 'w': 147, 'h': 176, 'left_eye': (1432, 370), 'right_eye': (1502, 367)}"
student_3,190,"{'angry': 57.81240463256836, 'disgust': 1.743827056088776e-05, 'fear': 2.358660474419594, 'happy': 18.72294396162033, 'sad': 0.17497952794656157, 'surprise': 18.87199729681015, 'neutral': 2.0589902997016907}",angry,"{'x': 1717, 'y': 368, 'w': 161, 'h': 200, 'left_eye': (1735, 446), 'right_eye': (1797, 446)}"
student_2,190,"{'angry': 1.656385324895382, 'disgust': 1.4466339237628745e-06, 'fear': 9.925661236047745, 'happy': 0.0003404052222322207, 'sad': 46.51566445827484, 'surprise': 0.00017112798786911299, 'neutral': 41.90177321434021}",sad,"{'x': 487, 'y': 164, 'w': 104, 'h': 136, 'left_eye': (526, 227), 'right_eye': (571, 224)}"
student_4,190,"{'angry': 0.2040844066640381, 'disgust': 0.00014830057782003374, 'fear': 0.4874100733494802, 'happy': 0.0027297169971413795, 'sad': 98.58686319511314, 'surprise': 1.3947575304490142e-05, 'neutral': 0.7187564354393742}",sad,"{'x': 1082, 'y': 114, 'w': 101, 'h': 130, 'left_eye': (1112, 173), 'right_eye': (1158, 176)}"
student_1,190,"{'angry': 3.409763053059578, 'disgust': 0.00024414925974269863, 'fear': 39.65469300746918, 'happy': 2.803141064941883, 'sad': 18.66513043642044, 'surprise': 0.018559281306806952, 'neutral': 35.44847071170807}",fear,"{'x': 565, 'y': 482, 'w': 160, 'h': 199, 'left_eye': (583, 569), 'right_eye': (646, 581)}"
student_5,200,"{'angry': 0.14884751290082932, 'disgust': 7.122565315320628e-08, 'fear': 0.001261890611203853, 'happy': 99.53084588050842, 'sad': 0.0012887699085695203, 'surprise': 0.10907122632488608, 'neutral': 0.20868589635938406}",happy,"{'x': 237, 'y': 471, 'w': 159, 'h': 191, 'left_eye': (308, 544), 'right_eye': (374, 544)}"
student_0,200,"{'angry': 0.0633933290373534, 'disgust': 1.552884448634273e-10, 'fear': 0.010782781464513391, 'happy': 0.0015528738003922626, 'sad': 0.5586743354797363, 'surprise': 0.0002907411044361652, 'neutral': 99.36530590057373}",neutral,"{'x': 1379, 'y': 298, 'w': 148, 'h': 172, 'left_eye': (1428, 371), 'right_eye': (1499, 366)}"
student_2,200,"{'angry': 4.5888591557741165, 'disgust': 4.955650751981011e-05, 'fear': 13.552945852279663, 'happy': 0.0013575505363405682, 'sad': 47.301185131073, 'surprise': 0.000561553906663903, 'neutral': 34.555038809776306}",sad,"{'x': 485, 'y': 164, 'w': 104, 'h': 136, 'left_eye': (524, 227), 'right_eye': (568, 225)}"
student_3,200,"{'angry': 89.84848856925964, 'disgust': 0.00032007067147787893, 'fear': 4.814699292182922, 'happy': 4.414734244346619, 'sad': 0.3434486221522093, 'surprise': 0.3696141066029668, 'neutral': 0.20869090221822262}",angry,"{'x': 1709, 'y': 370, 'w': 163, 'h': 197, 'left_eye': (1728, 446), 'right_eye': (1792, 447)}"
student_4,200,"{'angry': 0.04369179307720578, 'disgust': 3.4019266839980756e-05, 'fear': 1.117930787704085, 'happy': 0.00057449412934156, 'sad': 98.55892045008189, 'surprise': 8.748325418910562e-06, 'neutral': 0.2788402938205354}",sad,"{'x': 1089, 'y': 106, 'w': 98, 'h': 128, 'left_eye': (1114, 166), 'right_eye': (1159, 170)}"
student_1,200,"{'angry': 0.17895097844302654, 'disgust': 2.2428369561566797e-05, 'fear': 96.02428078651428, 'happy': 0.4139821045100689, 'sad': 1.4279760420322418, 'surprise': 0.14197524869814515, 'neutral': 1.8128111958503723}",fear,"{'x': 553, 'y': 502, 'w': 166, 'h': 196, 'left_eye': (574, 589), 'right_eye': (643, 600)}"
student_5,210,"{'angry': 0.00015621506420264187, 'disgust': 1.3712845141362995e-11, 'fear': 2.7285106030432493e-06, 'happy': 99.761354951697, 'sad': 5.200498256031362e-06, 'surprise': 0.010897584590231229, 'neutral': 0.22757821331730924}",happy,"{'x': 246, 'y': 464, 'w': 159, 'h': 190, 'left_eye': (317, 537), 'right_eye': (384, 541)}"
student_0,210,"{'angry': 0.0006256634524138281, 'disgust': 2.0867657398296755e-13, 'fear': 8.643518132395552e-05, 'happy': 0.025540728596604084, 'sad': 0.006419692018172041, 'surprise': 0.002740218205492911, 'neutral': 99.96458887842827}",neutral,"{'x': 1377, 'y': 297, 'w': 147, 'h': 174, 'left_eye': (1425, 369), 'right_eye': (1495, 366)}"
student_2,210,"{'angry': 3.7088394861029967, 'disgust': 1.1660755530123013e-06, 'fear': 9.475739684789144, 'happy': 3.2456589910134564e-05, 'sad': 50.3176749131292, 'surprise': 4.7141941130565564e-05, 'neutral': 36.497665822227695}",sad,"{'x': 483, 'y': 164, 'w': 105, 'h': 135, 'left_eye': (521, 226), 'right_eye': (567, 222)}"
student_3,210,"{'angry': 89.70084909190547, 'disgust': 0.0016677244106249654, 'fear': 7.8445015437005114, 'happy': 1.1412603351461488, 'sad': 0.15233160741771967, 'surprise': 0.9744505167662482, 'neutral': 0.18493011717586313}",angry,"{'x': 1702, 'y': 367, 'w': 162, 'h': 200, 'left_eye': (1721, 444), 'right_eye': (1785, 445)}"
student_4,210,"{'angry': 0.23982813581824303, 'disgust': 0.0007602477580803679, 'fear': 0.9785735048353672, 'happy': 0.0015926976629998535, 'sad': 97.96903133392334, 'surprise': 4.7100414235501376e-05, 'neutral': 0.8101696148514748}",sad,"{'x': 1099, 'y': 100, 'w': 99, 'h': 129, 'left_eye': (1125, 159), 'right_eye': (1170, 163)}"
student_1,210,"{'angry': 0.17933312147356528, 'disgust': 3.79887569390688e-05, 'fear': 8.815293319856325, 'happy': 87.65161486287295, 'sad': 0.058057515352370186, 'surprise': 1.2823817917563667, 'neutral': 2.0132836491803703}",happy,"{'x': 551, 'y': 515, 'w': 166, 'h': 195, 'left_eye': (572, 604), 'right_eye': (642, 616)}"
student_5,220,"{'angry': 1.3639593740311222e-10, 'disgust': 1.937337283585011e-19, 'fear': 1.7528570311966373e-12, 'happy': 99.99977946280119, 'sad': 1.0764044513317864e-11, 'surprise': 5.482168823702446e-07, 'neutral': 0.00022132873210011875}",happy,"{'x': 252, 'y': 461, 'w': 158, 'h': 191, 'left_eye': (322, 532), 'right_eye': (387, 537)}"
student_0,220,"{'angry': 0.00025114491108979564, 'disgust': 5.696495623027775e-14, 'fear': 3.666174279715051e-05, 'happy': 0.031724933069199324, 'sad': 0.0042021430999739096, 'surprise': 0.0012806943232135382, 'neutral': 99.96250867843628}",neutral,"{'x': 1376, 'y': 288, 'w': 149, 'h': 176, 'left_eye': (1425, 362), 'right_eye': (1495, 359)}"
student_2,220,"{'angry': 1.2137456381315754, 'disgust': 8.255662916006941e-07, 'fear': 12.867018624188736, 'happy': 0.000200147225071939, 'sad': 46.745103209627054, 'surprise': 6.691642172051545e-05, 'neutral': 39.173867007954954}",sad,"{'x': 487, 'y': 161, 'w': 104, 'h': 134, 'left_eye': (526, 221), 'right_eye': (570, 220)}"
student_3,220,"{'angry': 99.58179593086243, 'disgust': 3.115642410733699e-07, 'fear': 0.03561796620488167, 'happy': 0.005861664249096066, 'sad': 0.005244349085842259, 'surprise': 0.08895371574908495, 'neutral': 0.28253099881112576}",angry,"{'x': 1697, 'y': 367, 'w': 161, 'h': 198, 'left_eye': (1716, 445), 'right_eye': (1778, 445)}"
student_4,220,"{'angry': 0.26702872401073263, 'disgust': 0.0008084111923017843, 'fear': 0.6374615073158154, 'happy': 0.0053885315594794595, 'sad': 98.16808082676897, 'surprise': 0.00010315717510913351, 'neutral': 0.9211296382402943}",sad,"{'x': 1106, 'y': 89, 'w': 98, 'h': 129, 'left_eye': (1131, 148), 'right_eye': (1176, 152)}"
student_1,220,"{'angry': 0.006688161374768242, 'disgust': 4.974989753492309e-07, 'fear': 99.46684241294861, 'happy': 0.04097149649169296, 'sad': 0.12803636491298676, 'surprise': 0.06324287969619036, 'neutral': 0.29422480147331953}",fear,"{'x': 558, 'y': 509, 'w': 164, 'h': 191, 'left_eye': (582, 597), 'right_eye': (651, 607)}"
student_5,230,"{'angry': 0.28279712423682213, 'disgust': 3.9366865323131606e-07, 'fear': 0.02416375355096534, 'happy': 96.5791404247284, 'sad': 0.029255630215629935, 'surprise': 0.06959137390367687, 'neutral': 3.0150558799505234}",happy,"{'x': 244, 'y': 467, 'w': 157, 'h': 190, 'left_eye': (312, 543), 'right_eye': (379, 544)}"
student_0,230,"{'angry': 0.03273374168202281, 'disgust': 5.769498919415417e-11, 'fear': 0.00547400486539118, 'happy': 0.0005581812729360536, 'sad': 0.181999069172889, 'surprise': 0.0002601833557491773, 'neutral': 99.7789740562439}",neutral,"{'x': 1381, 'y': 289, 'w': 146, 'h': 176, 'left_eye': (1430, 364), 'right_eye': (1499, 360)}"
student_3,230,"{'angry': 98.57825057765835, 'disgust': 2.5831218171561496e-05, 'fear': 1.0038601900505792, 'happy': 0.13027494617254184, 'sad': 0.09580589852933305, 'surprise': 0.09885987951041704, 'neutral': 0.09291747757844894}",angry,"{'x': 1698, 'y': 368, 'w': 162, 'h': 197, 'left_eye': (1717, 444), 'right_eye': (1780, 445)}"
student_2,230,"{'angry': 2.7936959639191628, 'disgust': 1.424874884747851e-06, 'fear': 12.878403067588806, 'happy': 1.618304708017604e-05, 'sad': 63.36355209350586, 'surprise': 3.10344745457769e-05, 'neutral': 20.964297652244568}",sad,"{'x': 492, 'y': 162, 'w': 104, 'h': 133, 'left_eye': (530, 222), 'right_eye': (575, 219)}"
student_1,230,"{'angry': 0.13315619435161352, 'disgust': 4.32824066365356e-05, 'fear': 90.93029499053955, 'happy': 1.029039639979601, 'sad': 1.4688055962324142, 'surprise': 0.3531851340085268, 'neutral': 6.085475906729698}",fear,"{'x': 567, 'y': 509, 'w': 160, 'h': 188, 'left_eye': (592, 594), 'right_eye': (658, 602)}"
student_4,230,"{'angry': 0.6354432726868066, 'disgust': 0.00590874517504649, 'fear': 3.6065395347428875, 'happy': 0.007703046676712134, 'sad': 94.25414869139806, 'surprise': 0.0001699132692275525, 'neutral': 1.490085953165775}",sad,"{'x': 1118, 'y': 83, 'w': 99, 'h': 133, 'left_eye': (1144, 143), 'right_eye': (1189, 146)}"
student_5,240,"{'angry': 0.7132892962545156, 'disgust': 2.401850736077904e-05, 'fear': 0.3387506818398833, 'happy': 93.02301406860352, 'sad': 0.22561755031347275, 'surprise': 0.08441528771072626, 'neutral': 5.614889413118362}",happy,"{'x': 252, 'y': 477, 'w': 157, 'h': 186, 'left_eye': (319, 549), 'right_eye': (386, 550)}"
student_3,240,"{'angry': 64.23767039326782, 'disgust': 0.00032524038249002167, 'fear': 10.028518285927976, 'happy': 8.646025968071703, 'sad': 15.592112768636612, 'surprise': 0.7664606924103865, 'neutral': 0.7288771743920833}",angry,"{'x': 1700, 'y': 374, 'w': 160, 'h': 194, 'left_eye': (1718, 448), 'right_eye': (1780, 451)}"
student_0,240,"{'angry': 0.07766001508571208, 'disgust': 3.579080825114045e-10, 'fear': 0.007507982081733644, 'happy': 0.0004903603439743165, 'sad': 0.4170286003500223, 'surprise': 0.0007266863576660398, 'neutral': 99.49658513069153}",neutral,"{'x': 1383, 'y': 288, 'w': 147, 'h': 176, 'left_eye': (1431, 365), 'right_eye': (1501, 360)}"
student_2,240,"{'angry': 0.01162946573458612, 'disgust': 5.183985463119711e-08, 'fear': 1.901485025882721, 'happy': 7.99805206952442e-05, 'sad': 95.8534300327301, 'surprise': 1.2079254929631134e-06, 'neutral': 2.2333748638629913}",sad,"{'x': 502, 'y': 164, 'w': 103, 'h': 133, 'left_eye': (543, 224), 'right_eye': (586, 222)}"
student_1,240,"{'angry': 0.04493769665714353, 'disgust': 4.684863696979846e-06, 'fear': 97.55603075027466, 'happy': 0.01430580741725862, 'sad': 0.9268427267670631, 'surprise': 0.046710879541933537, 'neutral': 1.4111713506281376}",fear,"{'x': 569, 'y': 507, 'w': 167, 'h': 192, 'left_eye': (593, 595), 'right_eye': (664, 605)}"
student_4,240,"{'angry': 0.39843376725912094, 'disgust': 0.0015299241567845456, 'fear': 1.3736240565776825, 'happy': 0.009276012860937044, 'sad': 96.42640352249146, 'surprise': 7.82565791723755e-05, 'neutral': 1.7906557768583298}",sad,"{'x': 1122, 'y': 88, 'w': 98, 'h': 131, 'left_eye': (1148, 147), 'right_eye': (1194, 151)}"
student_5,250,"{'angry': 0.049944684790875604, 'disgust': 9.707669913679506e-07, 'fear': 0.04531289429871853, 'happy': 19.30973644910672, 'sad': 0.15761998723044915, 'surprise': 0.001532845181333452, 'neutral': 80.43585303043443}",neutral,"{'x': 263, 'y': 480, 'w': 158, 'h': 184, 'left_eye': (332, 551), 'right_eye': (399, 552)}"
student_3,250,"{'angry': 58.0816924571991, 'disgust': 9.345941975880123e-06, 'fear': 1.8706023693084717, 'happy': 25.350084900856018, 'sad': 8.511563390493393, 'surprise': 0.36151756066828966, 'neutral': 5.824532732367516}",angry,"{'x': 1698, 'y': 379, 'w': 161, 'h': 192, 'left_eye': (1717, 452), 'right_eye': (1780, 454)}"
student_1,250,"{'angry': 0.09284048631453677, 'disgust': 1.1725720862010634e-05, 'fear': 87.94803763055353, 'happy': 0.005784937495042571, 'sad': 4.5644750965267304, 'surprise': 0.06263049853341299, 'neutral': 7.326213142131192}",fear,"{'x': 578, 'y': 512, 'w': 161, 'h': 192, 'left_eye': (604, 601), 'right_eye': (673, 608)}"
student_0,250,"{'angry': 0.27775519993156195, 'disgust': 3.3657594072922237e-09, 'fear': 0.017261513858102262, 'happy': 0.0001326528945355676, 'sad': 1.6131944954395294, 'surprise': 3.53617053860944e-05, 'neutral': 98.09162020683289}",neutral,"{'x': 1387, 'y': 288, 'w': 146, 'h': 179, 'left_eye': (1434, 369), 'right_eye': (1501, 363)}"
student_2,250,"{'angry': 0.0017291249605477788, 'disgust': 6.070859960571884e-11, 'fear': 34.09000039100647, 'happy': 9.627957808788778e-06, 'sad': 58.287447690963745, 'surprise': 7.097312071380202e-07, 'neutral': 7.620810717344284}",sad,"{'x': 540, 'y': 170, 'w': 98, 'h': 134, 'left_eye': (596, 230), 'right_eye': (628, 227)}"
student_4,250,"{'angry': 0.9299543686211109, 'disgust': 0.0031989155104383826, 'fear': 1.2105907313525677, 'happy': 0.018243315571453422, 'sad': 93.79514455795288, 'surprise': 0.0010354512596677523, 'neutral': 4.041829705238342}",sad,"{'x': 1125, 'y': 92, 'w': 98, 'h': 135, 'left_eye': (1150, 153), 'right_eye': (1196, 156)}"
student_5,260,"{'angry': 0.09734887280501425, 'disgust': 1.7613315606013202e-05, 'fear': 0.39869374595582485, 'happy': 6.268744170665741, 'sad': 0.4944511689245701, 'surprise': 0.0013816217688145116, 'neutral': 92.73936152458191}",neutral,"{'x': 270, 'y': 485, 'w': 155, 'h': 188, 'left_eye': (337, 562), 'right_eye': (404, 561)}"
student_3,260,"{'angry': 21.660757462888068, 'disgust': 3.6720426762808734e-07, 'fear': 14.783966269020286, 'happy': 58.165394286466324, 'sad': 2.2920350605803654, 'surprise': 1.1315350934523232, 'neutral': 1.966304842674155}",happy,"{'x': 1695, 'y': 386, 'w': 159, 'h': 191, 'left_eye': (1712, 461), 'right_eye': (1773, 462)}"
student_0,260,"{'angry': 0.032126891892403364, 'disgust': 7.051396359175621e-10, 'fear': 0.011162604641867802, 'happy': 0.0036404449929250404, 'sad': 1.43777746707201, 'surprise': 9.639647942094598e-05, 'neutral': 98.51519465446472}",neutral,"{'x': 1389, 'y': 289, 'w': 144, 'h': 183, 'left_eye': (1435, 372), 'right_eye': (1503, 368)}"
student_2,260,"{'angry': 0.0025691027698200915, 'disgust': 2.0131594814295237e-08, 'fear': 4.382257797256577, 'happy': 0.001607218933105014, 'sad': 91.43351861438266, 'surprise': 5.741573958771179e-06, 'neutral': 4.180045675042014}",sad,"{'x': 573, 'y': 177, 'w': 91, 'h': 133, 'left_eye': (633, 232), 'right_eye': (653, 234)}"
student_1,260,"{'angry': 1.3790428638458252, 'disgust': 0.001486195014877012, 'fear': 58.621060848236084, 'happy': 0.08493399363942444, 'sad': 18.347017467021942, 'surprise': 0.012083377077942714, 'neutral': 21.554379165172577}",fear,"{'x': 585, 'y': 519, 'w': 162, 'h': 195, 'left_eye': (606, 611), 'right_eye': (675, 617)}"
student_4,260,"{'angry': 0.8154303766787052, 'disgust': 0.00028626575385715114, 'fear': 1.8068047240376472, 'happy': 0.014011400344315916, 'sad': 73.66525530815125, 'surprise': 0.007145091512938961, 'neutral': 23.691070079803467}",sad,"{'x': 1124, 'y': 102, 'w': 98, 'h': 134, 'left_eye': (1151, 163), 'right_eye': (1196, 164)}"
student_5,270,"{'angry': 1.0877522639930248, 'disgust': 3.1794581900612684e-05, 'fear': 0.04064881068188697, 'happy': 90.85472822189331, 'sad': 0.07280341233126819, 'surprise': 0.03396089014131576, 'neutral': 7.910070568323135}",happy,"{'x': 276, 'y': 490, 'w': 155, 'h': 186, 'left_eye': (342, 563), 'right_eye': (408, 563)}"
student_3,270,"{'angry': 61.42779128882781, 'disgust': 2.021378505738652e-06, 'fear': 0.11974188063941964, 'happy': 1.5775585565040775, 'sad': 5.213368560477323, 'surprise': 0.0028749220080697135, 'neutral': 31.658671099981202}",angry,"{'x': 1695, 'y': 388, 'w': 158, 'h': 192, 'left_eye': (1713, 463), 'right_eye': (1773, 466)}"
student_0,270,"{'angry': 0.028248011492429795, 'disgust': 3.6542647686135055e-11, 'fear': 0.0013677123394984013, 'happy': 0.002513471254637166, 'sad': 0.597608483867826, 'surprise': 5.5265126326311804e-05, 'neutral': 99.37020547745162}",neutral,"{'x': 1389, 'y': 301, 'w': 141, 'h': 175, 'left_eye': (1438, 377), 'right_eye': (1504, 373)}"
student_1,270,"{'angry': 0.05933059728704393, 'disgust': 2.4607271598142688e-05, 'fear': 95.052570104599, 'happy': 0.025569426361471415, 'sad': 1.6654370352625847, 'surprise': 0.06623358931392431, 'neutral': 3.1308352947235107}",fear,"{'x': 584, 'y': 527, 'w': 161, 'h': 189, 'left_eye': (611, 613), 'right_eye': (676, 619)}"
student_2,270,"{'angry': 0.5438989493995905, 'disgust': 1.5044061996150049e-06, 'fear': 0.4504013806581497, 'happy': 0.13878082390874624, 'sad': 26.93134844303131, 'surprise': 0.0054129352065501735, 'neutral': 71.93015813827515}",neutral,"{'x': 590, 'y': 184, 'w': 90, 'h': 133, 'left_eye': (651, 238), 'right_eye': (668, 242)}"
student_4,270,"{'angry': 1.464572362601757, 'disgust': 0.0001737497882459138, 'fear': 0.5970579572021961, 'happy': 0.05520867416635156, 'sad': 68.0056631565094, 'surprise': 0.004552974132820964, 'neutral': 29.872766137123108}",sad,"{'x': 1121, 'y': 109, 'w': 97, 'h': 133, 'left_eye': (1145, 167), 'right_eye': (1189, 169)}"
student_5,280,"{'angry': 0.3237553872168064, 'disgust': 2.247929984378061e-05, 'fear': 0.0888098671566695, 'happy': 63.14537525177002, 'sad': 0.0674473587423563, 'surprise': 0.1178328413516283, 'neutral': 36.25675141811371}",happy,"{'x': 280, 'y': 490, 'w': 153, 'h': 187, 'left_eye': (348, 560), 'right_eye': (411, 563)}"
student_3,280,"{'angry': 52.218323945999146, 'disgust': 1.815383260383996e-08, 'fear': 0.3365661483258009, 'happy': 42.95773506164551, 'sad': 1.4846978709101677, 'surprise': 0.05320810596458614, 'neutral': 2.9494758695364}",angry,"{'x': 1692, 'y': 393, 'w': 157, 'h': 190, 'left_eye': (1709, 466), 'right_eye': (1767, 469)}"
student_1,280,"{'angry': 1.1565282940864563, 'disgust': 0.003090507016167976, 'fear': 68.21279525756836, 'happy': 0.00439387840742711, 'sad': 17.139926552772522, 'surprise': 0.16536772018298507, 'neutral': 13.317899405956268}",fear,"{'x': 583, 'y': 528, 'w': 161, 'h': 188, 'left_eye': (610, 616), 'right_eye': (676, 620)}"
student_2,280,"{'angry': 4.612644389271736, 'disgust': 0.00018842316649170243, 'fear': 8.283203840255737, 'happy': 0.04221728886477649, 'sad': 58.37779641151428, 'surprise': 0.0693136069457978, 'neutral': 28.6146342754364}",sad,"{'x': 579, 'y': 181, 'w': 91, 'h': 131, 'left_eye': (636, 236), 'right_eye': (660, 242)}"
student_0,280,"{'angry': 0.035840453347191215, 'disgust': 1.0221551252978522e-10, 'fear': 0.010101987572852522, 'happy': 0.0002903062977566151, 'sad': 3.0666498467326164, 'surprise': 8.117689276332385e-06, 'neutral': 96.88711166381836}",neutral,"{'x': 1385, 'y': 303, 'w': 143, 'h': 174, 'left_eye': (1434, 378), 'right_eye': (1501, 373)}"
student_4,280,"{'angry': 3.676624596118927, 'disgust': 0.0005935532499279361, 'fear': 1.120135560631752, 'happy': 0.051772245205938816, 'sad': 53.52296233177185, 'surprise': 0.010430559632368386, 'neutral': 41.61747992038727}",sad,"{'x': 1117, 'y': 114, 'w': 97, 'h': 130, 'left_eye': (1139, 172), 'right_eye': (1183, 174)}"
student_1,290,"{'angry': 0.11263663182035089, 'disgust': 1.7121685402798903e-05, 'fear': 90.10986685752869, 'happy': 0.0059554946346906945, 'sad': 8.604606240987778, 'surprise': 0.06713939364999533, 'neutral': 1.0997852310538292}",fear,"{'x': 578, 'y': 527, 'w': 161, 'h': 189, 'left_eye': (606, 617), 'right_eye': (672, 621)}"
student_5,290,"{'angry': 0.02511575585231185, 'disgust': 3.9253640338188234e-07, 'fear': 0.008343834633706138, 'happy': 85.2546751499176, 'sad': 0.013065683015156537, 'surprise': 0.310900597833097, 'neutral': 14.38789814710617}",happy,"{'x': 279, 'y': 492, 'w': 153, 'h': 188, 'left_eye': (349, 562), 'right_eye': (411, 563)}"
student_3,290,"{'angry': 16.480551660060883, 'disgust': 2.042443725258636e-06, 'fear': 0.4128585569560528, 'happy': 20.580850541591644, 'sad': 7.966089993715286, 'surprise': 0.433662673458457, 'neutral': 54.125988483428955}",neutral,"{'x': 1682, 'y': 393, 'w': 159, 'h': 190, 'left_eye': (1700, 467), 'right_eye': (1761, 469)}"
student_0,290,"{'angry': 13.593703508377075, 'disgust': 1.0481240053650254e-05, 'fear': 10.102752596139908, 'happy': 0.005466336006065831, 'sad': 18.657897412776947, 'surprise': 0.08579008281230927, 'neutral': 57.55438208580017}",neutral,"{'x': 1386, 'y': 283, 'w': 141, 'h': 171, 'left_eye': (1441, 352), 'right_eye': (1505, 348)}"
student_2,290,"{'angry': 0.05820481455884874, 'disgust': 1.3988421532218354e-08, 'fear': 22.501002252101898, 'happy': 5.730245078439111e-06, 'sad': 70.16516923904419, 'surprise': 7.98634545162713e-06, 'neutral': 7.275616377592087}",sad,"{'x': 545, 'y': 174, 'w': 101, 'h': 132, 'left_eye': (594, 231), 'right_eye': (632, 233)}"
student_4,290,"{'angry': 4.967802170777062, 'disgust': 0.0002920864623917107, 'fear': 1.1905405182492115, 'happy': 0.008014152762888416, 'sad': 79.64066509715735, 'surprise': 0.0016310488592490983, 'neutral': 14.19104913579832}",sad,"{'x': 1111, 'y': 116, 'w': 95, 'h': 129, 'left_eye': (1132, 174), 'right_eye': (1176, 174)}"
student_3,300,"{'angry': 23.53353351354599, 'disgust': 3.2539045236035236e-06, 'fear': 0.20007328130304813, 'happy': 18.002749979496002, 'sad': 7.302635908126831, 'surprise': 0.17835847102105618, 'neutral': 50.782644748687744}",neutral,"{'x': 1676, 'y': 390, 'w': 155, 'h': 188, 'left_eye': (1693, 465), 'right_eye': (1751, 466)}"
student_5,300,"{'angry': 2.1064670756459236, 'disgust': 4.071024406471224e-06, 'fear': 0.7206023670732975, 'happy': 12.756697833538055, 'sad': 39.36682641506195, 'surprise': 0.017275770369451493, 'neutral': 45.03213167190552}",neutral,"{'x': 275, 'y': 479, 'w': 150, 'h': 194, 'left_eye': (344, 557), 'right_eye': (406, 558)}"
student_2,300,"{'angry': 4.1893575340509415, 'disgust': 7.351353019657836e-05, 'fear': 34.45315062999725, 'happy': 7.609669978592137e-05, 'sad': 50.531864166259766, 'surprise': 0.0013283332918945234, 'neutral': 10.8241468667984}",sad,"{'x': 518, 'y': 174, 'w': 103, 'h': 131, 'left_eye': (552, 231), 'right_eye': (598, 231)}"
student_0,300,"{'angry': 37.86582946777344, 'disgust': 1.0016545815005884e-06, 'fear': 17.62760430574417, 'happy': 0.01382760819979012, 'sad': 17.838212847709656, 'surprise': 0.10807022918015718, 'neutral': 26.54646337032318}",angry,"{'x': 1364, 'y': 227, 'w': 136, 'h': 167, 'left_eye': (1428, 295), 'right_eye': (1483, 290)}"
student_1,300,"{'angry': 0.016130286790731634, 'disgust': 2.700143564376192e-07, 'fear': 86.24440595574308, 'happy': 0.0001785672694448575, 'sad': 13.570837548871333, 'surprise': 8.051612389553211e-05, 'neutral': 0.16836170428404756}",fear,"{'x': 571, 'y': 519, 'w': 165, 'h': 190, 'left_eye': (597, 609), 'right_eye': (666, 616)}"
student_4,300,"{'angry': 2.5053367018699646, 'disgust': 0.0001468062919229851, 'fear': 0.37122468929737806, 'happy': 0.025272552738897502, 'sad': 58.778977394104004, 'surprise': 0.0008807126505416818, 'neutral': 38.3181631565094}",sad,"{'x': 1103, 'y': 113, 'w': 96, 'h': 131, 'left_eye': (1125, 171), 'right_eye': (1168, 172)}"
student_2,310,"{'angry': 14.516927542320197, 'disgust': 0.0002523860831213357, 'fear': 19.13115163220783, 'happy': 0.00034109918461449734, 'sad': 41.74273809704042, 'surprise': 0.0019502299033961517, 'neutral': 24.606643570261426}",sad,"{'x': 512, 'y': 172, 'w': 103, 'h': 130, 'left_eye': (548, 229), 'right_eye': (593, 229)}"
student_3,310,"{'angry': 88.45708232606438, 'disgust': 5.970508000306313e-06, 'fear': 1.6785226900604593, 'happy': 5.635952876323804, 'sad': 2.8795571705171072, 'surprise': 0.5873142510431112, 'neutral': 0.7615683576844164}",angry,"{'x': 1666, 'y': 386, 'w': 157, 'h': 190, 'left_eye': (1684, 462), 'right_eye': (1744, 463)}"
student_0,310,"{'angry': 92.17159841399211, 'disgust': 8.001234347159163e-05, 'fear': 3.2433010496734322, 'happy': 0.004939978455247132, 'sad': 3.4142184657790104, 'surprise': 0.01825037544029946, 'neutral': 1.1476055282228554}",angry,"{'x': 1321, 'y': 190, 'w': 134, 'h': 167, 'left_eye': (1384, 256), 'right_eye': (1438, 257)}"
student_1,310,"{'angry': 0.010868361925776268, 'disgust': 2.64508475345749e-07, 'fear': 93.43274196581494, 'happy': 0.006142253189444732, 'sad': 1.215478012143255, 'surprise': 0.2182098934104975, 'neutral': 5.116562850270441}",fear,"{'x': 567, 'y': 515, 'w': 162, 'h': 192, 'left_eye': (589, 606), 'right_eye': (658, 613)}"
student_4,310,"{'angry': 4.565718024969101, 'disgust': 0.0005418734417617088, 'fear': 1.4907442033290863, 'happy': 0.030559347942471504, 'sad': 66.29268527030945, 'surprise': 6.472396876233688e-05, 'neutral': 27.619686722755432}",sad,"{'x': 1098, 'y': 109, 'w': 95, 'h': 130, 'left_eye': (1115, 165), 'right_eye': (1159, 167)}"
student_0,320,"{'angry': 50.517833171149114, 'disgust': 2.7564109484153086e-06, 'fear': 4.334915285120572, 'happy': 0.012069186794240112, 'sad': 7.151046287888731, 'surprise': 0.14307911664794484, 'neutral': 37.84105028616783}",angry,"{'x': 1283, 'y': 189, 'w': 133, 'h': 162, 'left_eye': (1340, 253), 'right_eye': (1397, 255)}"
student_3,320,"{'angry': 90.9759521484375, 'disgust': 4.18569698013016e-05, 'fear': 1.0672877542674541, 'happy': 4.254725947976112, 'sad': 1.9931118935346603, 'surprise': 0.7344373501837254, 'neutral': 0.9744394570589066}",angry,"{'x': 1656, 'y': 386, 'w': 158, 'h': 188, 'left_eye': (1674, 460), 'right_eye': (1733, 461)}"
student_2,320,"{'angry': 6.100915744900703, 'disgust': 7.679843747609993e-05, 'fear': 17.76730567216873, 'happy': 0.0006450473847507965, 'sad': 49.66426491737366, 'surprise': 0.0026823712687473744, 'neutral': 26.464107632637024}",sad,"{'x': 510, 'y': 169, 'w': 103, 'h': 132, 'left_eye': (546, 225), 'right_eye': (591, 227)}"
student_1,320,"{'angry': 0.02746543032117188, 'disgust': 4.113685037054893e-06, 'fear': 96.10575437545776, 'happy': 0.011584188905544579, 'sad': 0.7484098896384239, 'surprise': 0.3407444339245558, 'neutral': 2.7660392224788666}",fear,"{'x': 561, 'y': 513, 'w': 160, 'h': 190, 'left_eye': (586, 603), 'right_eye': (652, 609)}"
student_4,320,"{'angry': 1.0697086047952535, 'disgust': 0.0002779801372687018, 'fear': 0.6350458978143869, 'happy': 0.0053030321828732825, 'sad': 91.52600714719338, 'surprise': 4.217623906157496e-05, 'neutral': 6.763615862346641}",sad,"{'x': 1093, 'y': 107, 'w': 93, 'h': 129, 'left_eye': (1110, 166), 'right_eye': (1153, 167)}"
student_0,330,"{'angry': 23.167550563812256, 'disgust': 1.1504795338623808e-06, 'fear': 5.855115503072739, 'happy': 0.0050017541070701554, 'sad': 4.707861691713333, 'surprise': 0.3146878909319639, 'neutral': 65.9497857093811}",neutral,"{'x': 1269, 'y': 189, 'w': 131, 'h': 159, 'left_eye': (1323, 252), 'right_eye': (1381, 255)}"
student_3,330,"{'angry': 6.764791905879974, 'disgust': 5.597943220081447e-08, 'fear': 0.0016966328985290602, 'happy': 0.19285307498648763, 'sad': 3.7795349955558777, 'surprise': 0.00014124126437309314, 'neutral': 89.26098346710205}",neutral,"{'x': 1653, 'y': 384, 'w': 159, 'h': 185, 'left_eye': (1672, 458), 'right_eye': (1731, 460)}"
student_1,330,"{'angry': 0.0023040639925958548, 'disgust': 7.964760576189919e-09, 'fear': 95.30819030452909, 'happy': 0.0009434069959999041, 'sad': 0.7177846468409685, 'surprise': 0.08333132051229897, 'neutral': 3.8874457113412446}",fear,"{'x': 552, 'y': 514, 'w': 162, 'h': 188, 'left_eye': (574, 603), 'right_eye': (642, 611)}"
student_2,330,"{'angry': 2.9552101987725616, 'disgust': 6.389736125818442e-05, 'fear': 25.571949814078202, 'happy': 0.00013360732623922536, 'sad': 68.9795237171366, 'surprise': 0.0007921428295174996, 'neutral': 2.492327577908491}",sad,"{'x': 507, 'y': 167, 'w': 103, 'h': 132, 'left_eye': (544, 223), 'right_eye': (589, 226)}"
student_4,330,"{'angry': 3.513961285352707, 'disgust': 0.0013840065548720304, 'fear': 2.2658593952655792, 'happy': 0.43107052333652973, 'sad': 52.68296003341675, 'surprise': 0.0005744416739617009, 'neutral': 41.10419750213623}",sad,"{'x': 1086, 'y': 107, 'w': 95, 'h': 129, 'left_eye': (1106, 163), 'right_eye': (1148, 166)}"
student_1,340,"{'angry': 0.035018556618481175, 'disgust': 4.842386269684769e-06, 'fear': 96.40524344506781, 'happy': 0.00825168779698763, 'sad': 1.0300828440586143, 'surprise': 0.7553480069009074, 'neutral': 1.766055287844573}",fear,"{'x': 544, 'y': 510, 'w': 159, 'h': 188, 'left_eye': (570, 601), 'right_eye': (636, 604)}"
student_0,340,"{'angry': 78.63397598266602, 'disgust': 3.401278564352239e-09, 'fear': 0.31833292450755835, 'happy': 0.0019773922758759, 'sad': 2.571888640522957, 'surprise': 0.0010869700417970307, 'neutral': 18.472741544246674}",angry,"{'x': 1249, 'y': 188, 'w': 131, 'h': 157, 'left_eye': (1305, 251), 'right_eye': (1361, 254)}"
student_3,340,"{'angry': 1.5744352713227272, 'disgust': 2.783443031617594e-07, 'fear': 0.004377300865598954, 'happy': 0.501210754737258, 'sad': 1.1740928515791893, 'surprise': 0.0009641327778808773, 'neutral': 96.74491882324219}",neutral,"{'x': 1666, 'y': 373, 'w': 158, 'h': 188, 'left_eye': (1684, 448), 'right_eye': (1745, 451)}"
student_4,340,"{'angry': 0.00020575022379857425, 'disgust': 3.464710821275969e-11, 'fear': 0.5506998721927329, 'happy': 0.0061941300427301995, 'sad': 6.788270580069457, 'surprise': 6.943390490088895e-05, 'neutral': 92.65456155863771}",neutral,"{'x': 1068, 'y': 99, 'w': 91, 'h': 129, 'left_eye': (1078, 153), 'right_eye': (1113, 155)}"
student_2,340,"{'angry': 0.8861100301146507, 'disgust': 1.4351036803361694e-06, 'fear': 60.36999821662903, 'happy': 3.5910935025640356e-05, 'sad': 37.91681230068207, 'surprise': 0.013960868818685412, 'neutral': 0.8130800910294056}",fear,"{'x': 503, 'y': 167, 'w': 102, 'h': 132, 'left_eye': (538, 224), 'right_eye': (583, 225)}"
student_0,350,"{'angry': 97.82900188314937, 'disgust': 3.213433721937851e-09, 'fear': 0.050465722065058, 'happy': 0.0004350383342365099, 'sad': 0.20634750967145082, 'surprise': 0.000230698565463283, 'neutral': 1.9135209218884612}",angry,"{'x': 1225, 'y': 191, 'w': 129, 'h': 155, 'left_eye': (1282, 252), 'right_eye': (1336, 255)}"
student_3,350,"{'angry': 11.158774048089981, 'disgust': 0.0025037808882188983, 'fear': 2.3378245532512665, 'happy': 6.395528465509415, 'sad': 26.622489094734192, 'surprise': 0.3783182008191943, 'neutral': 53.104567527770996}",neutral,"{'x': 1672, 'y': 372, 'w': 156, 'h': 186, 'left_eye': (1689, 443), 'right_eye': (1750, 450)}"
student_1,350,"{'angry': 0.016782636066515658, 'disgust': 1.0647881433960318e-06, 'fear': 97.48486265449897, 'happy': 0.032941451862689965, 'sad': 0.23963599497145385, 'surprise': 0.13022870601586736, 'neutral': 2.095546698304814}",fear,"{'x': 533, 'y': 509, 'w': 162, 'h': 189, 'left_eye': (556, 597), 'right_eye': (622, 605)}"
student_2,350,"{'angry': 6.96534737944603, 'disgust': 0.0022391652237274684, 'fear': 64.69138860702515, 'happy': 0.0024776270947768353, 'sad': 26.511982083320618, 'surprise': 0.18511541420593858, 'neutral': 1.6414495185017586}",fear,"{'x': 491, 'y': 170, 'w': 103, 'h': 133, 'left_eye': (526, 227), 'right_eye': (571, 228)}"
student_3,350,"{'angry': 0.006914139521541074, 'disgust': 5.542687420145853e-08, 'fear': 0.06224417011253536, 'happy': 0.02447768929414451, 'sad': 8.670979738235474, 'surprise': 6.682292905679788e-05, 'neutral': 91.23532176017761}",neutral,"{'x': 1050, 'y': 91, 'w': 92, 'h': 126, 'left_eye': (1061, 143), 'right_eye': (1091, 147)}"
student_3,360,"{'angry': 0.5312904249876738, 'disgust': 5.98253450334596e-05, 'fear': 0.11051769834011793, 'happy': 1.0967192240059376, 'sad': 6.362695246934891, 'surprise': 0.006586401286767796, 'neutral': 91.89213514328003}",neutral,"{'x': 1659, 'y': 372, 'w': 155, 'h': 185, 'left_eye': (1676, 444), 'right_eye': (1738, 451)}"
student_0,360,"{'angry': 66.73022508621216, 'disgust': 3.6349300103211135e-05, 'fear': 14.60820883512497, 'happy': 0.059204583521932364, 'sad': 15.655168890953064, 'surprise': 0.09067190112546086, 'neutral': 2.856479026377201}",angry,"{'x': 1205, 'y': 187, 'w': 125, 'h': 155, 'left_eye': (1263, 246), 'right_eye': (1316, 250)}"
student_1,360,"{'angry': 0.0019176689653944352, 'disgust': 5.638859941047278e-10, 'fear': 94.15956104752786, 'happy': 0.0004794904102017276, 'sad': 2.178492526918204, 'surprise': 0.029915281957553743, 'neutral': 3.6296395885729544}",fear,"{'x': 520, 'y': 504, 'w': 162, 'h': 187, 'left_eye': (543, 594), 'right_eye': (608, 600)}"
student_2,360,"{'angry': 3.9158396422863007, 'disgust': 7.456427475460714e-07, 'fear': 5.266748368740082, 'happy': 3.4863020914599474e-05, 'sad': 42.60527789592743, 'surprise': 3.533474739469966e-05, 'neutral': 48.212069272994995}",neutral,"{'x': 483, 'y': 169, 'w': 102, 'h': 134, 'left_eye': (521, 228), 'right_eye': (564, 228)}"
student_3,360,"{'angry': 1.7651828443376871e-06, 'disgust': 2.7756380635741984e-11, 'fear': 0.24178200401365757, 'happy': 0.002291069904458709, 'sad': 84.74709391593933, 'surprise': 1.4066279252489267e-07, 'neutral': 15.008829534053802}",sad,"{'x': 1042, 'y': 77, 'w': 92, 'h': 133, 'left_eye': (1052, 133), 'right_eye': (1079, 138)}"
student_2,370,"{'angry': 0.2828859956935048, 'disgust': 1.994634288848829e-05, 'fear': 9.04734805226326, 'happy': 0.008862645336193964, 'sad': 24.286800622940063, 'surprise': 0.0005462577973958105, 'neutral': 66.37353301048279}",neutral,"{'x': 476, 'y': 169, 'w': 103, 'h': 133, 'left_eye': (512, 226), 'right_eye': (557, 227)}"
student_1,370,"{'angry': 0.003827376577492897, 'disgust': 5.879036497212074e-09, 'fear': 92.34561874542348, 'happy': 0.0004285466530611606, 'sad': 5.090056290629881, 'surprise': 0.05151466773537801, 'neutral': 2.508553639564135}",fear,"{'x': 503, 'y': 499, 'w': 162, 'h': 189, 'left_eye': (528, 592), 'right_eye': (593, 595)}"
student_0,370,"{'angry': 81.99977278709412, 'disgust': 6.846606765975594e-05, 'fear': 4.7840408980846405, 'happy': 0.002619523002067581, 'sad': 8.654932677745819, 'surprise': 0.015749983140267432, 'neutral': 4.542819038033485}",angry,"{'x': 1192, 'y': 180, 'w': 128, 'h': 156, 'left_eye': (1252, 241), 'right_eye': (1304, 241)}"
student_3,370,"{'angry': 0.5951829254627228, 'disgust': 2.009637825040045e-05, 'fear': 0.03690395678859204, 'happy': 5.278057232499123, 'sad': 27.220535278320312, 'surprise': 0.001990121563721914, 'neutral': 66.86730980873108}",neutral,"{'x': 1637, 'y': 376, 'w': 156, 'h': 181, 'left_eye': (1654, 447), 'right_eye': (1713, 454)}"
student_3,370,"{'angry': 0.00011526346952450695, 'disgust': 2.934547396749032e-09, 'fear': 1.3247117400169373, 'happy': 0.008811863517621532, 'sad': 95.12117505073547, 'surprise': 2.738566990956315e-05, 'neutral': 3.5451628267765045}",sad,"{'x': 1031, 'y': 75, 'w': 92, 'h': 134, 'left_eye': (1043, 132), 'right_eye': (1069, 138)}"
student_2,380,"{'angry': 0.00013834041965310462, 'disgust': 1.7653394301930803e-07, 'fear': 0.0011293799616396427, 'happy': 98.31019043922424, 'sad': 0.1559264725074172, 'surprise': 0.0005584601694863522, 'neutral': 1.5320573933422565}",happy,"{'x': 472, 'y': 154, 'w': 102, 'h': 135, 'left_eye': (507, 211), 'right_eye': (553, 213)}"
student_1,380,"{'angry': 0.00040793520699379174, 'disgust': 2.7452369892209594e-12, 'fear': 76.45027356747073, 'happy': 0.00010652612578505101, 'sad': 6.412947197311783, 'surprise': 0.0026836719841906, 'neutral': 17.13358517093482}",fear,"{'x': 487, 'y': 497, 'w': 161, 'h': 186, 'left_eye': (508, 586), 'right_eye': (574, 594)}"
student_3,380,"{'angry': 4.4954626118585335, 'disgust': 0.00013521040025598488, 'fear': 0.8662982742430837, 'happy': 73.75539854104537, 'sad': 7.59998767376093, 'surprise': 0.5896636978937747, 'neutral': 12.69304750048548}",happy,"{'x': 1614, 'y': 372, 'w': 161, 'h': 182, 'left_eye': (1633, 446), 'right_eye': (1696, 450)}"
student_0,380,"{'angry': 99.1746543854063, 'disgust': 3.991783824169342e-07, 'fear': 0.42150691519760075, 'happy': 8.357273203868784e-06, 'sad': 0.37079308876908884, 'surprise': 0.0005926160408083613, 'neutral': 0.0324504546855187}",angry,"{'x': 1178, 'y': 176, 'w': 125, 'h': 156, 'left_eye': (1239, 239), 'right_eye': (1289, 238)}"
student_3,380,"{'angry': 6.271801566981594e-06, 'disgust': 2.5353178757792083e-10, 'fear': 7.149357348680496, 'happy': 0.8733012713491917, 'sad': 2.25808322429657, 'surprise': 0.036517358967103064, 'neutral': 89.68273401260376}",neutral,"{'x': 1011, 'y': 74, 'w': 89, 'h': 133, 'left_eye': (1021, 133), 'right_eye': (1047, 137)}"
student_2,390,"{'angry': 3.7372258628218643e-07, 'disgust': 8.696744438809283e-13, 'fear': 7.280654291538404e-08, 'happy': 99.9988734721466, 'sad': 1.223665934907486e-05, 'surprise': 3.1314122607333414e-08, 'neutral': 0.0011162484708206282}",happy,"{'x': 494, 'y': 132, 'w': 105, 'h': 134, 'left_eye': (531, 185), 'right_eye': (574, 193)}"
student_0,390,"{'angry': 90.7836377620697, 'disgust': 2.109467232003226e-05, 'fear': 6.3961416482925415, 'happy': 0.020609624334611, 'sad': 2.039208635687828, 'surprise': 0.064337212825194, 'neutral': 0.6960396654903889}",angry,"{'x': 1163, 'y': 185, 'w': 127, 'h': 157, 'left_eye': (1223, 249), 'right_eye': (1275, 245)}"
student_1,390,"{'angry': 0.0006825159839911656, 'disgust': 2.0943929855590965e-10, 'fear': 96.83691300905788, 'happy': 0.0003315333802177127, 'sad': 1.0443481303038442, 'surprise': 0.04019287983450236, 'neutral': 2.077523557540946}",fear,"{'x': 469, 'y': 493, 'w': 162, 'h': 186, 'left_eye': (492, 582), 'right_eye': (558, 588)}"
student_5,390,"{'angry': 0.6586201023310423, 'disgust': 0.00043778904910141136, 'fear': 0.5058621522039175, 'happy': 0.173449725843966, 'sad': 56.29163980484009, 'surprise': 0.0002312618562427815, 'neutral': 42.36975610256195}",sad,"{'x': 190, 'y': 457, 'w': 140, 'h': 183, 'left_eye': (244, 528), 'right_eye': (306, 531)}"
student_3,390,"{'angry': 0.004195259088993225, 'disgust': 3.483244108715687e-08, 'fear': 0.012614864729999271, 'happy': 96.92799412345816, 'sad': 2.5166898240673334, 'surprise': 0.0006979020704197138, 'neutral': 0.5378141709046568}",happy,"{'x': 1595, 'y': 373, 'w': 155, 'h': 179, 'left_eye': (1611, 444), 'right_eye': (1669, 450)}"
student_3,390,"{'angry': 1.5009553067102388e-05, 'disgust': 1.1192900772893921e-08, 'fear': 0.361240585334599, 'happy': 6.223106756806374, 'sad': 2.363601140677929, 'surprise': 0.00914143820409663, 'neutral': 91.04290008544922}",neutral,"{'x': 989, 'y': 82, 'w': 92, 'h': 131, 'left_eye': (1001, 138), 'right_eye': (1027, 142)}"
student_5,400,"{'angry': 1.0032025763811216, 'disgust': 6.282867649819321e-05, 'fear': 1.6115278966145454, 'happy': 92.97749954327938, 'sad': 0.1632427544775757, 'surprise': 0.0149567940572601, 'neutral': 4.229512690276664}",happy,"{'x': 162, 'y': 457, 'w': 156, 'h': 180, 'left_eye': (223, 528), 'right_eye': (292, 530)}"
student_2,400,"{'angry': 1.2799729631751688e-05, 'disgust': 2.0680290813146485e-09, 'fear': 1.2541904181873065e-07, 'happy': 99.99170303344727, 'sad': 0.0002483928483343334, 'surprise': 6.840359834114906e-07, 'neutral': 0.008033477934077382}",happy,"{'x': 517, 'y': 129, 'w': 107, 'h': 135, 'left_eye': (553, 181), 'right_eye': (595, 195)}"
student_3,400,"{'angry': 0.9877519928219309, 'disgust': 1.2447884563761477e-05, 'fear': 0.2764111015765192, 'happy': 60.86930762163492, 'sad': 25.153175014635924, 'surprise': 0.00025899381302846183, 'neutral': 12.713089610706522}",happy,"{'x': 1581, 'y': 372, 'w': 155, 'h': 180, 'left_eye': (1597, 445), 'right_eye': (1656, 450)}"
student_0,400,"{'angry': 0.027514345129020512, 'disgust': 5.4187079916021745e-14, 'fear': 8.805471907180618e-06, 'happy': 0.00020448717350518564, 'sad': 0.0946085317991674, 'surprise': 1.0392124938363168e-07, 'neutral': 99.87766146659851}",neutral,"{'x': 1142, 'y': 198, 'w': 131, 'h': 161, 'left_eye': (1184, 268), 'right_eye': (1247, 264)}"
student_1,400,"{'angry': 0.0005702194357581902, 'disgust': 3.774237324581653e-11, 'fear': 97.45142459869385, 'happy': 0.0004518531113717472, 'sad': 0.6579084321856499, 'surprise': 0.014298170572146773, 'neutral': 1.8753422424197197}",fear,"{'x': 455, 'y': 492, 'w': 160, 'h': 185, 'left_eye': (477, 579), 'right_eye': (541, 586)}"
student_3,400,"{'angry': 6.173389124342066e-05, 'disgust': 4.719481402903902e-09, 'fear': 0.06217454792931676, 'happy': 32.50965476036072, 'sad': 0.8799584582448006, 'surprise': 0.023180876451078802, 'neutral': 66.5249764919281}",neutral,"{'x': 972, 'y': 85, 'w': 93, 'h': 132, 'left_eye': (983, 140), 'right_eye': (1010, 146)}"
student_5,410,"{'angry': 0.26007179795839813, 'disgust': 3.5133082651588296e-05, 'fear': 0.12714098787489678, 'happy': 94.7168773750213, 'sad': 0.17047369915933022, 'surprise': 0.002186424092925355, 'neutral': 4.723211187337496}",happy,"{'x': 144, 'y': 455, 'w': 153, 'h': 180, 'left_eye': (207, 526), 'right_eye': (273, 527)}"
student_3,410,"{'angry': 0.015487175160219501, 'disgust': 4.40950832129322e-06, 'fear': 0.15070599569904855, 'happy': 42.92532885964765, 'sad': 29.260676591315676, 'surprise': 3.18525896546065e-06, 'neutral': 27.647787016893982}",happy,"{'x': 1563, 'y': 367, 'w': 150, 'h': 180, 'left_eye': (1578, 436), 'right_eye': (1629, 445)}"
student_0,410,"{'angry': 0.33775054083013045, 'disgust': 1.2922137438261967e-12, 'fear': 0.0009699818045760775, 'happy': 0.0002641925360619606, 'sad': 0.2069608294488991, 'surprise': 4.506127910983926e-05, 'neutral': 99.45400363755182}",neutral,"{'x': 1109, 'y': 199, 'w': 130, 'h': 159, 'left_eye': (1136, 265), 'right_eye': (1198, 265)}"
student_2,410,"{'angry': 1.3127753889275918e-05, 'disgust': 9.648097783383276e-11, 'fear': 1.2127753036388114e-05, 'happy': 99.99122023530127, 'sad': 0.0001886109883897095, 'surprise': 3.193662413923321e-05, 'neutral': 0.008534612933839883}",happy,"{'x': 555, 'y': 125, 'w': 104, 'h': 133, 'left_eye': (595, 178), 'right_eye': (636, 188)}"
student_1,410,"{'angry': 0.0005081923518446274, 'disgust': 4.339841745519546e-11, 'fear': 85.97537875175476, 'happy': 0.0005151791356183821, 'sad': 3.3225875347852707, 'surprise': 0.023115111980587244, 'neutral': 10.677899420261383}",fear,"{'x': 435, 'y': 488, 'w': 162, 'h': 185, 'left_eye': (458, 577), 'right_eye': (524, 581)}"
student_3,410,"{'angry': 3.402141025230386e-05, 'disgust': 1.926922801152297e-09, 'fear': 0.0248279742170305, 'happy': 58.49841135759218, 'sad': 2.1932824694177544, 'surprise': 0.005135243306461588, 'neutral': 39.27830287476744}",happy,"{'x': 964, 'y': 86, 'w': 91, 'h': 131, 'left_eye': (976, 142), 'right_eye': (999, 146)}"
student_5,420,"{'angry': 1.9511992111802101, 'disgust': 0.0032957406801870093, 'fear': 6.9320715963840485, 'happy': 79.16189432144165, 'sad': 4.914595186710358, 'surprise': 0.7080772425979376, 'neutral': 6.328868120908737}",happy,"{'x': 123, 'y': 455, 'w': 156, 'h': 177, 'left_eye': (184, 528), 'right_eye': (253, 528)}"
student_2,420,"{'angry': 3.5007047927138046e-05, 'disgust': 5.276901441342004e-14, 'fear': 7.33690683318855e-05, 'happy': 99.98950958251953, 'sad': 0.00045225756366562564, 'surprise': 0.0009109700840781443, 'neutral': 0.009021176811074838}",happy,"{'x': 584, 'y': 133, 'w': 101, 'h': 131, 'left_eye': (631, 182), 'right_eye': (669, 196)}"
student_3,420,"{'angry': 0.01134768837131177, 'disgust': 5.424772588379899e-05, 'fear': 0.09065856658453446, 'happy': 0.034402286374482643, 'sad': 98.81126298770154, 'surprise': 9.845577969390801e-05, 'neutral': 1.0521654647987526}",sad,"{'x': 1531, 'y': 334, 'w': 113, 'h': 183, 'left_eye': (1554, 408), 'right_eye': (1563, 411)}"
student_0,420,"{'angry': 2.015609128020588e-05, 'disgust': 6.53968914325254e-17, 'fear': 5.714209579334349e-06, 'happy': 0.0002657714414133858, 'sad': 0.0014659436672953522, 'surprise': 0.00013281483697182348, 'neutral': 99.9981045725221}",neutral,"{'x': 1082, 'y': 197, 'w': 129, 'h': 160, 'left_eye': (1113, 262), 'right_eye': (1172, 264)}"
student_1,420,"{'angry': 0.0021589032257907093, 'disgust': 1.374342219889746e-09, 'fear': 98.46307635307312, 'happy': 0.0010812809705385007, 'sad': 0.26821072679013014, 'surprise': 0.04562811809591949, 'neutral': 1.2198484502732754}",fear,"{'x': 416, 'y': 491, 'w': 157, 'h': 184, 'left_eye': (441, 576), 'right_eye': (502, 582)}"
student_3,420,"{'angry': 0.005649456188841905, 'disgust': 1.1610073595082014e-06, 'fear': 0.49834645529666277, 'happy': 44.52419248367503, 'sad': 52.4734409137631, 'surprise': 0.9715997261762456, 'neutral': 1.526771856204978}",sad,"{'x': 954, 'y': 96, 'w': 85, 'h': 126, 'left_eye': (964, 150), 'right_eye': (986, 153)}"
